theta,log_likelihood
8.57762747250529,-43.4631852720997
8.57700594881039,-43.4596196673167
6.34004490794189,-30.833447127392
6.31341577525955,-30.6862010517743
5.30004656596027,-25.1567068946872
5.08383120672544,-23.9985192748104
4.56790016835148,-21.2729910406999
4.04710204556728,-18.5869087726091
3.77595116602698,-17.220030679431
3.61746788007778,-16.4328365697845
3.46906196910067,-15.7043898203253
0.0465374889402462,-15.6315934544314
3.09372612839281,-13.9048787894145
3.0392111732656,-13.6492458149411
3.02366966863476,-13.5766603828838
0.0768305629189152,-13.3163183422115
2.90732896451221,-13.0375914780138
2.8252050882703,-12.6618533126789
2.81438914987238,-12.6126772408804
0.0946719290103882,-12.3849972759938
2.68810983789605,-12.0441508166848
0.108143742776382,-11.8049177846483
2.61894462797568,-11.7373741685163
0.111196445514405,-11.6850246711759
2.56457492595972,-11.498661400514
2.40937717095071,-10.8299634715733
0.136268616037963,-10.8268278181339
2.39196006490496,-10.756166369057
0.159962959771098,-10.1750004014428
0.162970949687928,-10.1008619491236
2.12965640991212,-9.67921964335453
0.184391689215815,-9.6187855503161
2.11139358519556,-9.60686437129694
2.10093422037738,-9.56559359628977
2.09878757415852,-9.55713860245258
2.07225535769771,-9.45307141449235
2.05828705161276,-9.39861163217967
0.198552635888572,-9.33832007438855
0.203608319304245,-9.24455147232585
2.0084440087588,-9.20618215002447
1.99581162251487,-9.15789538148261
0.210037275393731,-9.1297468905644
1.90312018314629,-8.80988341257171
0.231607836348682,-8.77726590784546
1.81385405004076,-8.48594270148555
1.80216089365632,-8.44438142788367
1.79184965960995,-8.40790652059645
0.268850252679013,-8.26708607501838
1.75146467710146,-8.2666612197845
0.269595592919874,-8.25795403808571
1.72920016701357,-8.1899208853481
0.275418312986031,-8.18791228064007
1.70146096686185,-8.09547290383149
1.69707666069116,-8.08066549776617
1.69062672963308,-8.05894242858812
1.61530962235391,-7.81081591037066
0.310872697218855,-7.80651516367243
0.311497799587818,-7.80042179359079
1.60184569646486,-7.76757711404599
0.316668581727901,-7.75078280600969
0.319388408122141,-7.72521059591652
1.5655299134749,-7.65272905751476
0.327692800551439,-7.64934955765791
1.55400042004468,-7.61682409124474
1.54405626231438,-7.58607706812309
0.342541242475843,-7.52161147975404
0.352993711422438,-7.4373782145391
1.46710450567122,-7.35536740105335
1.46699042518131,-7.35503524389563
1.45307981075033,-7.3147611149326
1.43303711680337,-7.25754141299326
1.42508173827594,-7.23509932431098
0.38724729209398,-7.19078809840038
1.40918774055563,-7.19073080765443
1.4059423182928,-7.18174886062491
0.391653870459647,-7.16206193649383
0.391972399210218,-7.16001017291531
1.39233702422889,-7.14438659038927
0.398967034691354,-7.11577810445023
1.3811183432173,-7.11393707844633
0.400654390435115,-7.10533990745603
1.35588614441945,-7.04666610196309
0.415430868671597,-7.01763927103395
1.33119980682933,-6.98252602842244
0.424017738082321,-6.96961130008409
0.424210284926214,-6.96855817024351
0.427197098523923,-6.95235322097316
0.428241215276863,-6.94674619928683
1.27292693835614,-6.83806120409683
0.45020050938529,-6.83549257593217
1.26836969563869,-6.82719306330111
0.451958673818186,-6.82711540976337
1.2666403050488,-6.82308567188163
0.453420827140498,-6.82020630810807
0.454133781677407,-6.81685626776716
1.26302348101594,-6.8145256897364
1.23707344434223,-6.75432625030714
1.21972104554262,-6.71529381055004
0.480562666713031,-6.70105272906968
0.481286931968207,-6.69810002402441
1.21184683455154,-6.69791367607896
1.20787368187329,-6.68922400516865
0.484198609001331,-6.68634353179268
0.485504529564887,-6.68112947276816
1.20165129857492,-6.67572389301192
0.487695952266672,-6.67246111857132
1.19470443549174,-6.66081040398233
1.19233462527954,-6.65576148137112
0.493264157287899,-6.65088769636385
0.497169409115307,-6.63613821976274
0.49843040757915,-6.63144176701907
1.16566036878016,-6.600312703152
0.509134001793337,-6.59285009040957
0.510395192251571,-6.58845024544733
1.15403040718333,-6.57694980803946
1.15291469120348,-6.57473503111323
0.517638840558223,-6.56376638485944
0.518718145086462,-6.56017297139202
1.14382808454769,-6.55687262795597
0.524611316988361,-6.54093180944715
0.52742060280234,-6.53198246976415
1.12934019948558,-6.5290471434593
0.531890395178001,-6.51803517629081
0.532772155088951,-6.51532566911814
0.535218045362004,-6.50788138534081
1.10694868088349,-6.4876683803122
1.10102849660736,-6.47706671334371
0.547495504484401,-6.4720724619097
1.07523185100258,-6.43257895700616
1.07319832144192,-6.42919262834137
0.563632351537322,-6.42881461559757
1.0724294260873,-6.42791690126735
0.56406365628132,-6.42771572490475
0.567847148157332,-6.41820084164868
1.063000494148,-6.41248285836504
1.0587059491251,-6.40558317467798
0.57396297893123,-6.40328862513252
0.574099754447223,-6.40296166108713
1.05599775449815,-6.40127440422653
0.580263680731106,-6.38851923768154
0.58075940513829,-6.38738240076608
1.0463428426166,-6.38618210743048
0.589264701821373,-6.36843962986366
0.590473587769054,-6.36583248639105
0.59414761083825,-6.35803718480739
0.598811111597142,-6.3484175353154
1.01943245382813,-6.34638868886904
0.600148080039715,-6.34571584116571
1.01727896820445,-6.34335242060868
0.601557450214441,-6.34289470426174
0.602731394388474,-6.34056577648025
1.01302275102127,-6.33741744060234
1.01215720851485,-6.33622128122571
0.605571622046247,-6.33500950897649
1.00910974382444,-6.33203889868728
1.00734020234941,-6.32963126470502
1.00296738165959,-6.32374790321031
0.611787021271976,-6.32323276989613
0.613663775550701,-6.31977868026289
0.998935521640804,-6.31840748069861
0.994206909002936,-6.31224800296035
0.619418483570428,-6.30947770476783
0.989461577472338,-6.3061804559229
0.987793840102009,-6.30407528302181
0.987757044096238,-6.30402899621056
0.984776888126033,-6.30030325165801
0.628056631169257,-6.29482299629255
0.980311040694808,-6.29480592752559
0.976260863763595,-6.28990998378167
0.973853818903175,-6.28704101882237
0.972999878156155,-6.28603053671132
0.6337237013387,-6.28572421189951
0.972170247441892,-6.28505250934011
0.965710398688715,-6.27756222479467
0.640862979662393,-6.27483000800913
0.962802787739165,-6.27426364529707
0.641335523352845,-6.27413097639181
0.961857265043627,-6.27320079609583
0.961286880642506,-6.27256197060551
0.643530260636151,-6.27091982972925
0.959054715264138,-6.27007890905879
0.958959268345201,-6.26997333682294
0.645195818825573,-6.26852176632663
0.6461472408459,-6.26716687720763
0.946492822361641,-6.25661384067607
0.942864233793063,-6.25288729023383
0.657706418806206,-6.25156240594114
0.941215459716772,-6.25121843889206
0.659625085615492,-6.24912320584412
0.93876616048578,-6.24876765635129
0.660991589660502,-6.24741177821235
0.661593943353205,-6.24666417377242
0.662548748691291,-6.24548761686739
0.662807298649989,-6.24517080710713
0.934763278077772,-6.2448356974698
0.66367549042873,-6.2441125465808
0.663799385268672,-6.24396222624459
0.932960852736874,-6.24309509868624
0.665908232090044,-6.2414302456074
0.930035856821843,-6.24031018335134
0.923304036911583,-6.23408916402849
0.673432957315037,-6.23280219698409
0.919113260050591,-6.23035037018734
0.917970206752609,-6.22934860051364
0.681093831186702,-6.22465929146442
0.911461336020576,-6.22379257870497
0.910043275506138,-6.22261581315623
0.908984083611482,-6.22174477027815
0.90804542733473,-6.22097852533022
0.907476535073937,-6.22051672617131
0.687598001972242,-6.21824297898118
0.689782444513823,-6.21618882800943
0.690434698314641,-6.21558521423609
0.692013357002411,-6.21414273312258
0.899347623660235,-6.21413391041153
0.899140079342772,-6.21397626338702
0.897645239509874,-6.21284868610651
0.694130251550026,-6.21224926457358
0.895581711971368,-6.21131493189238
0.894762771188757,-6.21071359029949
0.696006515698776,-6.21060991326105
0.696123280564574,-6.21050909512346
0.89380888752036,-6.21001844239577
0.696918589573961,-6.20982614231782
0.889100907518575,-6.20667112604661
0.701297340355558,-6.20618221167894
0.888377630772284,-6.20616927159996
0.70152542912466,-6.20599776205163
0.702146607398419,-6.20549810973873
0.885077223360256,-6.2039213914941
0.704538306915199,-6.20361079617254
0.883594461037188,-6.20293409770037
0.705552913537925,-6.20282758941293
0.706518202925757,-6.20209205063451
0.707353008065489,-6.20146346636448
0.707672233718988,-6.2012249402194
0.878328126148856,-6.19954165959676
0.875014818660601,-6.19749929717603
0.713154984664887,-6.19728624796698
0.871449587548974,-6.19538173629019
0.870262581647879,-6.19469525294482
0.717169557246089,-6.19458994428502
0.869608590631994,-6.19432100180883
0.718363619847398,-6.19381828739933
0.720075545933506,-6.19273605307499
0.866192090939498,-6.1924119574419
0.720811804434814,-6.19227930859439
0.865777937846962,-6.19218581433195
0.721365796594009,-6.19193907456498
0.721449971790794,-6.19188763659478
0.864897052572599,-6.19170862410253
0.863120366452995,-6.19076195454498
0.862172724471318,-6.1902656817097
0.724228143855002,-6.19022804531839
0.861683406565275,-6.19001179360019
0.72464848595188,-6.18998336858606
0.86036709931032,-6.18933682044425
0.726300615072574,-6.18903796421963
0.859320829688682,-6.18880866323248
0.727395231892842,-6.18842584374918
0.728547208493139,-6.18779387483125
0.729198412838811,-6.18744216045896
0.856519819365896,-6.18743124582767
0.729493282536222,-6.18728421386619
0.856214234750171,-6.18728420113214
0.855194576306,-6.18679816093793
0.731757810441545,-6.18609840118738
0.731797504128975,-6.18607804360721
0.852130983276777,-6.18538066853553
0.851489100968018,-6.18509184976427
0.733789291803877,-6.18507537724658
0.73411923647412,-6.18491284513427
0.735519048813064,-6.18423451299682
0.849538745049021,-6.18423172632575
0.849504020272941,-6.1842166508241
0.735740617974738,-6.18412880518268
0.849296683816236,-6.18412681114088
0.735915603271066,-6.1840456424242
0.736647332529704,-6.18370094508778
0.737922778407807,-6.18311190634736
0.738000567192284,-6.18307646499334
0.738067179296835,-6.18304615999969
0.845996468060673,-6.18273703328555
0.738989356875427,-6.18263079934006
0.739197014934209,-6.18253834222656
0.844526748063645,-6.18214256144223
0.74056031946235,-6.18194113692272
0.740568350466108,-6.18193766914874
0.84348544481201,-6.18173053755261
0.741161524286165,-6.18168316243214
0.842066195713641,-6.18118124224991
0.742591680444163,-6.18108270015553
0.841738965706994,-6.18105660686331
0.841626372186565,-6.18101389693993
0.742980522822807,-6.18092265124385
0.743095352587997,-6.18087564889825
0.744920864640366,-6.18014443880168
0.839239987106365,-6.18012975891144
0.745075809864918,-6.18008375995164
0.745307282391679,-6.17999351465217
0.745583145575212,-6.17988659241129
0.747211382750862,-6.17926942756885
0.83675741403625,-6.17925289219023
0.836492545334549,-6.17916193201027
0.835674399920049,-6.17888413486751
0.835107179990615,-6.17869435072059
0.749572061341726,-6.17841677601135
0.834185262128933,-6.17839081215203
0.832673340486876,-6.1779062430813
0.832517416484802,-6.17785720629977
0.832010279994206,-6.17769892941643
0.752367077654059,-6.17747134069867
0.830923308204598,-6.1773659470799
0.830716121432659,-6.17730344779887
0.829651968000967,-6.17698734332571
0.753951766621362,-6.17696599350179
0.829511485984984,-6.17694622763642
0.829085461620512,-6.17682241767575
0.828420023669586,-6.17663167208792
0.828214645537772,-6.17657345239222
0.828127570879079,-6.17654886165098
0.827974934505396,-6.17650588902299
0.827702281948683,-6.17642955042719
0.756092755092565,-6.176318309842
0.756323430668441,-6.17625092324554
0.826860369397795,-6.17619725344607
0.82675962276369,-6.17616980291475
0.826057917433678,-6.17598066906324
0.75743171664869,-6.17593364334022
0.757651208483748,-6.17587207823274
0.757663228173466,-6.17586871895981
0.75821076928677,-6.1757170253777
0.758507292167127,-6.17563596382024
0.824542827524036,-6.17558461307274
0.824087674223183,-6.17546892727501
0.823501395987296,-6.17532216148505
0.759736619925171,-6.17530804206588
0.759787280680912,-6.17529480951997
0.823247810835324,-6.17525946524324
0.760564923654538,-6.17509447756156
0.821332835802981,-6.17480134700483
0.821271490392235,-6.17478712001188
0.820834740121656,-6.17468663713538
0.762456468792589,-6.17462898764168
0.819743736661953,-6.17444181845392
0.763545172137852,-6.17437503184575
0.819213050530144,-6.17432593400624
0.819085653200455,-6.17429842681612
0.819036268288848,-6.17428779632727
0.763944680683776,-6.17428439177479
0.764063545687104,-6.17425768781958
0.818858165072904,-6.17424960922712
0.764921233841989,-6.17406858593217
0.765239374804346,-6.1740000417536
0.766038051981556,-6.17383177140437
0.816404780694149,-6.17374769466192
0.816400623831994,-6.17374688248992
0.766582358753542,-6.17372020836146
0.767099675170244,-6.17361651382255
0.767249041299926,-6.17358699702646
0.767585284566591,-6.17352124407069
0.815110895012478,-6.17350115985512
0.81500563396787,-6.17348165721724
0.814887065648405,-6.17345978891077
0.767983174994071,-6.17344467527878
0.7680116092846,-6.17343925487216
0.814631053082765,-6.17341293196896
0.768710301267642,-6.17330821579014
0.813934933470074,-6.17328802180767
0.769065485993818,-6.17324318531987
0.769153589469652,-6.17322721964672
0.769555987778334,-6.17315513288755
0.813167325168102,-6.1731545240735
0.769641962011329,-6.17313990851854
0.812651902229197,-6.17306738459375
0.770386007765431,-6.17301075742116
0.812146298921864,-6.17298385948428
0.811668629273054,-6.17290672916203
0.811647223803412,-6.17290331329968
0.771458307137926,-6.17283283012418
0.771764234768284,-6.17278383968467
0.810808203489659,-6.17277216478708
0.810676331730389,-6.17275203831858
0.810573124997529,-6.17273637904025
0.772150498357018,-6.17272310660668
0.810271947066701,-6.17269114562174
0.772409427510311,-6.17268309517794
0.810037386935339,-6.17265639589833
0.809922646087956,-6.17263954990593
0.772716844028975,-6.17263632068109
0.809857978915421,-6.17263009983162
0.809838678395575,-6.17262728554608
0.809473663441068,-6.17257459615496
0.773170084378552,-6.17256880189711
0.773335981951389,-6.17254451795349
0.809252320824661,-6.17254314078248
0.809182662064529,-6.17253331883147
0.773553198888057,-6.17251306978739
0.809011230320082,-6.17250930461079
0.773811062260527,-6.17247624872524
0.808265053313754,-6.17240739645885
0.774745671201247,-6.17234744364588
0.80763178315665,-6.17232425102655
0.775020672238102,-6.17231093007552
0.775354963990811,-6.17226739181565
0.775521738213174,-6.17224601864644
0.775605678588414,-6.17223534864253
0.775681220982756,-6.17222579620891
0.806617563126029,-6.17219749491102
0.775938449092109,-6.17219362498711
0.806285403030339,-6.17215769931853
0.806244183995049,-6.17215282009961
0.806227424816204,-6.17215084000305
0.77630507594125,-6.17214872101755
0.776559438960188,-6.17211822229603
0.805942195684004,-6.17211747155234
0.805868761913503,-6.17210898201909
0.776715592280028,-6.17209976491917
0.805743309451239,-6.17209457476123
0.776883159053503,-6.17208018325413
0.777069895019264,-6.17205863554509
0.777177635763849,-6.17204633456384
0.777271646923448,-6.17203567962316
0.805140797103239,-6.17202707045731
0.777475835312348,-6.17201278946498
0.777656322425626,-6.17199284344866
0.777788285555515,-6.17197843037888
0.777806963079752,-6.17197640204008
0.778090759442008,-6.17194593701175
0.804313577538037,-6.17193895236991
0.804262847406211,-6.17193372043991
0.778218972435086,-6.17193239173857
0.803641466816238,-6.17187125075777
0.803565836201075,-6.17186385129838
0.779281329374408,-6.17182537421013
0.779286717981146,-6.17182485509141
0.779307752190383,-6.17182283102033
0.779340853199625,-6.17181965316657
0.779864201861722,-6.1717706073892
0.779985945880814,-6.17175952105115
0.780027443190393,-6.17175577003297
0.802302660541184,-6.1717468202048
0.802256174015095,-6.1717427495236
0.780210053217285,-6.17173943170793
0.801871361642536,-6.17170969755213
0.780628907921723,-6.17170299073932
0.801705825991548,-6.17169583365159
0.801571397706825,-6.17168473188801
0.781094546878669,-6.17166416904778
0.801241050778855,-6.17165804768021
0.801127542455893,-6.17164907505331
0.801084048410976,-6.17164566352591
0.78133753958565,-6.17164461574469
0.781338671999078,-6.17164452575319
0.781572356040513,-6.17162617983486
0.80010305238337,-6.17157263578037
0.782447873776435,-6.1715614175214
0.799885769543767,-6.17155747685804
0.782540617309972,-6.17155492419409
0.782674125965788,-6.1715457000599
0.79957477747275,-6.17153642221998
0.799520711083377,-6.17153283900755
0.79947594790213,-6.17152988966034
0.799414150172733,-6.17152584370197
0.782975426200481,-6.17152541776039
0.799298344697333,-6.17151834226606
0.783160125019725,-6.17151335068007
0.783208072662308,-6.17151026355013
0.783282316015827,-6.17150552033133
0.783453878534031,-6.17149473146223
0.783520993546635,-6.17149057612238
0.798814551081016,-6.17148813943791
0.798809500088994,-6.17148783377863
0.798808159333099,-6.17148775267677
0.798796669843721,-6.17148705825902
0.798781272803854,-6.17148612929326
0.783616995795597,-6.17148469603534
0.79844898954112,-6.17146653407908
0.798391563631148,-6.17146323533129
0.798374159470533,-6.17146224068229
0.798325592649634,-6.17145947765206
0.78418604926143,-6.17145138198127
0.784193981399606,-6.17145093622576
0.798173233503992,-6.17145092983436
0.784210225156896,-6.17145002498583
0.78427871138544,-6.17144620664365
0.784320341706472,-6.17144390424295
0.79804481739516,-6.17144386678145
0.798042707816448,-6.17144375183264
0.784426393705861,-6.17143810259275
0.797610591296788,-6.17142094305997
0.784904186775122,-6.17141309759809
0.784957778749916,-6.17141040850023
0.797260569449354,-6.17140354329966
0.797192851615144,-6.17140028824849
0.797138190715301,-6.17139768713045
0.797123447705515,-6.17139698958856
0.785247503344225,-6.17139627441426
0.785307656701508,-6.17139342520632
0.796979185563158,-6.17139025431733
0.796973709611238,-6.1713900018845
0.79684316647029,-6.17138405394565
0.785653261833849,-6.17137762369852
0.785692961122748,-6.17137587056581
0.785771619522875,-6.17137243468861
0.785786536909367,-6.17137178873465
0.785787624914019,-6.17137174169228
0.7965412947319,-6.17137081377921
0.796525861483512,-6.17137015616421
0.785829926740092,-6.17136992010751
0.796499959848846,-6.17136905670714
0.785855816946293,-6.1713688123811
0.796472530398764,-6.17136789816284
0.796442699885304,-6.17136664493574
0.796439233936359,-6.17136649978056
0.79634816899682,-6.17136271987894
0.796337771271517,-6.17136229245128
0.796332707201005,-6.17136208458714
0.78603249391672,-6.1713613980215
0.786063196376949,-6.17136013533983
0.786094900291811,-6.17135883947702
0.796162376054364,-6.17135521082391
0.796127520999679,-6.17135383244138
0.796121202869572,-6.17135358360983
0.786236834878158,-6.1713531377536
0.786260419336739,-6.17135220611968
0.795911339960582,-6.17134549740692
0.786488925609668,-6.17134341256797
0.795855675948411,-6.17134341094616
0.795837110550253,-6.17134272049638
0.786521474891287,-6.17134219432982
0.795782631735069,-6.17134071012944
0.786576913785221,-6.1713401391036
0.786589738428535,-6.17133966720704
0.795691932576746,-6.17133741515008
0.79567119114619,-6.17133667076815
0.786680680411715,-6.17133635902623
0.786713011329051,-6.17133519903094
0.786791945685364,-6.17133240243354
0.79552365268564,-6.17133147386401
0.795494807448274,-6.17133047791415
0.786940388803923,-6.17132727948391
0.795346615159383,-6.17132546488312
0.795314770631172,-6.1713244103061
0.795312446359444,-6.17132433364841
0.795287028725767,-6.17132349812677
0.795279835156337,-6.17132326258893
0.787077880919835,-6.17132269317706
0.787151514785894,-6.17132029972206
0.795174044744613,-6.17131984596097
0.795163788262765,-6.17131951942119
0.795118700297828,-6.17131809380408
0.787238007278225,-6.17131754418027
0.787261244132239,-6.1713168141695
0.795032436608178,-6.17131541107721
0.787373104963333,-6.17131336089422
0.794923982567829,-6.17131212177697
0.787517988318905,-6.17130903817293
0.794679919636169,-6.17130506002152
0.794619287587533,-6.17130337880761
0.787719417738189,-6.17130330953392
0.787723623562331,-6.17130319340569
0.794601264986857,-6.17130288468682
0.787761032479524,-6.17130216676917
0.794571423300159,-6.17130207218096
0.787783111190712,-6.1713015661404
0.787787861056269,-6.17130143743851
0.787818641747374,-6.17130060781342
0.787845713124593,-6.17129988447301
0.794484902742007,-6.17129975633573
0.787853308447982,-6.1712996825884
0.787883690471931,-6.17129887967768
0.794424643383234,-6.1712981784395
0.794413435166768,-6.17129788812438
0.787954500492058,-6.17129703722606
0.787962922283143,-6.17129682078103
0.787964489448143,-6.17129678056699
0.787974789164498,-6.17129651676456
0.787988117940768,-6.17129617664811
0.788014116712129,-6.1712955173423
0.788018644306875,-6.17129540308296
0.788062668042889,-6.17129430069537
0.788115639609526,-6.17129299493012
0.794187980503446,-6.17129225980429
0.788161789903431,-6.17129187572356
0.788182676304488,-6.17129137483531
0.788208306489232,-6.17129076498161
0.794081293891456,-6.17128973688407
0.794064730874071,-6.17128935329545
0.794050976332729,-6.17128903640264
0.788334460240696,-6.17128784027997
0.788366451947813,-6.17128711895004
0.793925077255713,-6.17128620551643
0.788423925010733,-6.17128584376362
0.793888981172047,-6.17128541707347
0.788457898116594,-6.17128510247846
0.788471348853659,-6.17128481155183
0.788488494008276,-6.17128444282792
0.793843285873076,-6.17128443378114
0.788501581490804,-6.1712841629594
0.793827019541688,-6.17128408775306
0.788533782981958,-6.17128348021249
0.788561633179057,-6.17128289644761
0.793748784049235,-6.17128245280917
0.788631768453998,-6.17128145397805
0.793689651102344,-6.17128124929677
0.793664737220966,-6.17128075054292
0.793632821130635,-6.17128011880978
0.793631475770323,-6.17128009235792
0.788701106181931,-6.17128006678491
0.788734685518958,-6.17127940887531
0.793586538995857,-6.1712792170868
0.788783108521983,-6.17127847609531
0.78878829778359,-6.17127837725166
0.793524036638327,-6.17127802633346
0.788865828241347,-6.17127692624007
0.793412696762543,-6.17127598201017
0.793402019618395,-6.17127579113945
0.788946905898815,-6.17127546050186
0.793378728017884,-6.17127537790772
0.789006045518737,-6.17127442467068
0.789020532391771,-6.17127417521648
0.789084473186773,-6.17127309433591
0.789090568370302,-6.17127299301456
0.789107720488911,-6.17127270949267
0.789121987129299,-6.17127247546691
0.793205055453034,-6.17127243254657
0.793181002057738,-6.1712720435137
0.793178092810021,-6.17127199677204
0.793176281415358,-6.17127196770311
0.789163105807445,-6.17127181011096
0.793153610850163,-6.17127160609548
0.789176791582904,-6.1712715916675
0.789199534512767,-6.17127123198529
0.789207584237697,-6.17127110567286
0.793113811637717,-6.17127098115722
0.793086461612136,-6.17127055899853
0.789267945177625,-6.17127017509149
0.789282636588575,-6.17126995302003
0.793043649629542,-6.17126991011741
0.79304071450141,-6.17126986616478
0.793033720365045,-6.17126976170583
0.789320706975227,-6.17126938561888
0.789349974874832,-6.17126895731846
0.789351601462134,-6.17126893371695
0.789410877834217,-6.17126808811108
0.792894427899882,-6.1712677623522
0.792877541106374,-6.17126753045189
0.789455567611818,-6.1712674692297
0.792867808186866,-6.1712673978235
0.792865727013724,-6.17126736956158
0.792830452487434,-6.17126689578099
0.789505426412676,-6.17126679767516
0.789506594524154,-6.17126678218079
0.789510831628457,-6.17126672606974
0.792811572076263,-6.1712666462602
0.789517335757157,-6.17126664021718
0.789550130828794,-6.17126621250093
0.789572975664276,-6.17126591965406
0.78962091676053,-6.17126531870764
0.792668963476751,-6.1712648531736
0.792665581309306,-6.17126481261236
0.789671898128228,-6.17126469987235
0.792649511449101,-6.17126462113551
0.792625659729216,-6.17126434072449
0.78970264481874,-6.17126433672939
0.792624787550896,-6.1712643305566
0.789703675609723,-6.17126432468624
0.792610952069965,-6.17126417007166
0.789722483018132,-6.17126410644732
0.789726372786791,-6.17126406166482
0.792596857896016,-6.1712640081525
0.789731490655647,-6.17126400292812
0.792589472485036,-6.17126392393741
0.789762639101089,-6.17126364997206
0.792545726497437,-6.17126343400832
0.789806486884989,-6.1712631662949
0.789852597077027,-6.17126267428547
0.792452792969432,-6.17126244376542
0.792439161892609,-6.17126230430338
0.792423459770582,-6.1712621454858
0.789919820140445,-6.17126198752467
0.792399529147697,-6.17126190721788
0.789965204240365,-6.17126154435028
0.792354702192428,-6.1712614731654
0.792337865268618,-6.1712613142702
0.792334151305303,-6.17126127952433
0.79232107505751,-6.1712611580642
0.792303821985044,-6.17126099989104
0.792273330416298,-6.1712607261475
0.792269736578981,-6.17126069437105
0.790058208270555,-6.17126068772801
0.79225907264057,-6.17126060068685
0.792224279953964,-6.17126030132762
0.790109836346499,-6.17126024211083
0.790110426245539,-6.1712602371426
0.792208210268863,-6.17126016631836
0.792198258087063,-6.17126008373684
0.792193102192119,-6.1712600412644
0.790139067786071,-6.17125999927138
0.790165284065222,-6.17125978730118
0.792145239438734,-6.1712596570972
0.792138673834993,-6.17125960582251
0.790205015803806,-6.17125947654404
0.792114758533237,-6.17125942195808
0.790213781325239,-6.17125940968757
0.790231513909987,-6.17125927631862
0.792074967214532,-6.17125912613694
0.790268942290647,-6.17125900308045
0.792055608519649,-6.17125898678113
0.792042653380149,-6.17125889519029
0.792041060221443,-6.17125888401927
0.790294756463111,-6.17125882116465
0.792019283598621,-6.17125873335256
0.79031355837261,-6.171258692023
0.792009387074712,-6.17125866613035
0.791999251023756,-6.17125859809039
0.790331491733855,-6.17125857148386
0.791989832016313,-6.17125853559781
0.790344819908297,-6.17125848356614
0.791977723469821,-6.1712584562998
0.790359186126314,-6.17125839039345
0.791967395547569,-6.17125838958656
0.79196067356962,-6.17125834662275
0.79036971986151,-6.1712583231262
0.791929231167151,-6.17125815044044
0.791926041020101,-6.17125813097618
0.790403675646278,-6.17125811233402
0.791912756617757,-6.1712580507956
0.791908096301628,-6.17125802300073
0.790420329813464,-6.1712580123205
0.79042342083141,-6.17125799400219
0.790429951281383,-6.17125795555218
0.790430413874851,-6.17125795284147
0.790431628384518,-6.17125794573281
0.790432031438525,-6.1712579433763
0.791889771645606,-6.17125791538867
0.791888774707584,-6.17125790961091
0.79045475512766,-6.17125781262189
0.79047708363277,-6.17125768816638
0.79182511378935,-6.17125755707478
0.790502471784745,-6.17125755150376
0.791818238255865,-6.17125752093369
0.790509781619952,-6.17125751311168
0.791801273428254,-6.17125743337114
0.79180058862852,-6.1712574298848
0.790528684192454,-6.17125741581544
0.791789557920918,-6.17125737424236
0.791782039913383,-6.17125733687518
0.790560821586863,-6.17125725695805
0.790570886912782,-6.17125720890364
0.791754841269058,-6.17125720545373
0.791730359327221,-6.17125709220495
0.791730161630722,-6.1712570913099
0.791717252710566,-6.17125703354109
0.790621561074338,-6.17125697928364
0.790631857599386,-6.17125693513785
0.790654101984111,-6.17125684266121
0.791665883924907,-6.17125681682986
0.790662835784441,-6.17125680743417
0.790666959458608,-6.17125679101371
0.791656389231516,-6.17125677907931
0.791655817980438,-6.17125677683098
0.790674466984451,-6.17125676146796
0.791639219605281,-6.17125671263978
0.790691218613662,-6.17125669716726
0.791632907832009,-6.17125668880699
0.790700352036401,-6.17125666305425
0.791624864730184,-6.17125665889742
0.791622909049301,-6.17125665170292
0.791619440551612,-6.17125663901816
0.790709648785224,-6.17125662901635
0.790711831428917,-6.17125662112529
0.790720717189208,-6.17125658939326
0.790738086624741,-6.17125652918854
0.790738502497812,-6.17125652777665
0.790742770051777,-6.17125651336814
0.791572955161652,-6.17125647827911
0.791569899846478,-6.17125646831821
0.790757032261435,-6.17125646627137
0.791564463557659,-6.17125645077908
0.791564192873395,-6.17125644991193
0.791561639222665,-6.17125644176
0.791542848784619,-6.17125638337617
0.79153755683918,-6.17125636744206
0.790793206939296,-6.17125635410967
0.791529503904843,-6.1712563436234
0.791525626748706,-6.17125633234026
0.790803804052392,-6.17125632323421
0.790809537971451,-6.17125630690236
0.790816976322783,-6.17125628610748
0.791508375405515,-6.17125628359061
0.790826228037326,-6.17125626086036
0.790828434434118,-6.17125625494036
0.791497657458008,-6.17125625449957
0.790832098269692,-6.17125624519586
0.791492655840969,-6.17125624123776
0.791491226024765,-6.17125623748329
0.790835130625375,-6.17125623721204
0.791486864925539,-6.17125622613253
0.79148203793372,-6.17125621374617
0.790846833106807,-6.17125620709012
0.791478428057599,-6.17125620460454
0.79084954512318,-6.17125620026571
0.790854712907293,-6.17125618742448
0.790860271109757,-6.17125617385141
0.790862375876996,-6.17125616877606
0.790865777573676,-6.17125616064821
0.791459119589561,-6.17125615747395
0.790867763271767,-6.17125615594644
0.790871367290481,-6.17125614749331
0.790873307028171,-6.17125614298668
0.790875403796873,-6.17125613814905
0.790878983619526,-6.17125612997096
0.791442681089214,-6.17125611969397
0.790891022335692,-6.1712561032201
0.791433047432789,-6.17125609855576
0.791432620423038,-6.17125609763596
0.790895231214228,-6.17125609414099
0.791427967995129,-6.17125608770872
0.791426405035718,-6.17125608441248
0.791421212976052,-6.17125607360258
0.791413582415778,-6.17125605810623
0.790914371809643,-6.1712560546384
0.790914985710362,-6.17125605341989
0.791409688114754,-6.17125605037673
0.790918953968898,-6.17125604561611
0.790919668918921,-6.17125604422351
0.791405509119587,-6.17125604221681
0.790925962943213,-6.17125603214011
0.790926467648536,-6.17125603118487
0.790930447406012,-6.17125602372391
0.790930568846303,-6.17125602349823
0.790932819105715,-6.17125601933781
0.790940575212338,-6.171256005308
0.791380821937781,-6.17125599685713
0.790946404235104,-6.17125599508049
0.790947497331857,-6.1712559931928
0.790948165701042,-6.17125599204328
0.791373625869423,-6.17125598455107
0.790955896894351,-6.17125597900604
0.791370035913261,-6.17125597856642
0.790959462685149,-6.17125597315396
0.791361553442982,-6.17125596483449
0.791361311723929,-6.1712559644516
0.791361019425306,-6.17125596398921
0.790966328289796,-6.17125596217251
0.791358123888565,-6.17125595944561
0.791357278527589,-6.17125595813171
0.791353534206359,-6.17125595238074
0.791352939321205,-6.17125595147735
0.790974376433665,-6.17125594977923
0.791348008970258,-6.17125594409888
0.791347466323086,-6.17125594329864
0.790979457607973,-6.17125594222134
0.790980168808979,-6.17125594117994
0.791340455154059,-6.17125593317076
0.791339039743037,-6.17125593117377
0.790989716784181,-6.1712559275904
0.790990949899939,-6.17125592588844
0.790991635520018,-6.1712559249474
0.791328655706335,-6.17125591701214
0.791324381943683,-6.17125591143373
0.791323709413578,-6.17125591056918
0.791003684876692,-6.17125590902225
0.791004965458955,-6.17125590739796
0.791005409562616,-6.17125590683773
0.791005862607725,-6.17125590626783
0.791006346303151,-6.17125590566119
0.791006740945812,-6.17125590516762
0.791319323401077,-6.17125590501944
0.791317411915255,-6.17125590264884
0.791011352177429,-6.17125589949272
0.791312538805608,-6.17125589673729
0.791312222049287,-6.1712558963596
0.791016282164488,-6.17125589361349
0.791305412407668,-6.17125588843369
0.791301601844808,-6.17125588416005
0.791027431298532,-6.17125588103389
0.791030524865427,-6.17125587771945
0.791291921378517,-6.17125587382462
0.791291462426202,-6.1712558733532
0.791035018870823,-6.17125587304082
0.791288752568528,-6.17125587060399
0.791288595789209,-6.17125587044673
0.791288572013711,-6.1712558704229
0.791038894057095,-6.17125586913601
0.791039065806868,-6.17125586896572
0.791042251325573,-6.17125586585008
0.791281964424399,-6.17125586397469
0.791280727240186,-6.1712558628061
0.791279250752368,-6.17125586142747
0.79127892611348,-6.17125586112668
0.791047931994558,-6.17125586049525
0.791276688937866,-6.17125585907676
0.791052000510744,-6.17125585681857
0.791052731150563,-6.1712558561723
0.791272063909554,-6.17125585496557
0.79127090950937,-6.17125585396606
0.791270579138388,-6.17125585368197
0.791269992499918,-6.17125585317967
0.791266626165426,-6.17125585035044
0.791059880451439,-6.17125585007368
0.791265625961153,-6.17125584952726
0.791061431915395,-6.17125584880416
0.791061886166485,-6.17125584843609
0.791263677175859,-6.17125584794632
0.791263339216443,-6.17125584767524
0.791064951328271,-6.1712558459956
0.791065595618586,-6.17125584549216
0.791065684991951,-6.17125584542259
0.791260159945534,-6.17125584516977
0.791068099540194,-6.17125584356713
0.791069989522437,-6.17125584214727
0.791070465959448,-6.17125584179385
0.791254327458091,-6.17125584078327
0.791072602518718,-6.17125584023125
0.791073361426577,-6.17125583968499
0.791073448771839,-6.17125583962242
0.791075219877619,-6.17125583836672
0.791249742349625,-6.17125583752564
0.791248852056099,-6.17125583691257
0.791077730077348,-6.17125583662995
0.791248165349427,-6.17125583644401
0.791079926159769,-6.1712558351518
0.791081292259367,-6.17125583425174
0.791244808736806,-6.17125583420792
0.791244588920498,-6.17125583406462
0.791083033306682,-6.17125583312625
0.791083080920553,-6.17125583309581
0.791241819783798,-6.17125583229249
0.791086165941029,-6.17125583116217
0.791238030175536,-6.17125582996655
0.791237450640271,-6.17125582962096
0.791089007517524,-6.17125582944839
0.791236614241868,-6.17125582912693
0.791236287131037,-6.17125582893523
0.79109013579927,-6.17125582878581
0.791234987615837,-6.17125582818213
0.791091740934242,-6.17125582786073
0.791092633496596,-6.17125582735522
0.79109349534953,-6.17125582687315
0.79122916233986,-6.17125582497197
0.791097085983711,-6.17125582492862
0.791097280089895,-6.17125582482643
0.791097705864105,-6.17125582460334
0.79109795232203,-6.17125582447487
0.791098095715242,-6.17125582440034
0.791227485130169,-6.17125582409796
0.791227302431329,-6.17125582400411
0.791226512137599,-6.17125582360121
0.791100371519243,-6.17125582323956
0.791225374283472,-6.17125582302989
0.791101129456459,-6.17125582286215
0.79110137091032,-6.17125582274289
0.791101849618262,-6.17125582250781
0.791223954929295,-6.17125582233173
0.791102874048894,-6.17125582201089
0.791221839487832,-6.17125582132103
0.791104768858837,-6.17125582111389
0.791105634465281,-6.17125582071365
0.791220475780382,-6.17125582068843
0.791105838639252,-6.17125582062012
0.791220199307834,-6.17125582056199
0.791106960727182,-6.17125582011203
0.791107112287751,-6.17125582004418
0.791218247447259,-6.17125581968671
0.791217937574164,-6.17125581955056
0.791216384458027,-6.17125581887967
0.791110036717157,-6.17125581877079
0.791215152869495,-6.17125581836137
0.791111427105893,-6.17125581818934
0.791214422750507,-6.17125581805983
0.791112465492552,-6.17125581776517
0.791112573235651,-6.17125581772165
0.791211847641559,-6.17125581703029
0.791211247343263,-6.1712558167979
0.791211001168713,-6.17125581670343
0.791210253162685,-6.17125581641935
0.791209594721584,-6.17125581617299
0.791209422900634,-6.17125581610927
0.791117523581477,-6.17125581582216
0.791117918603711,-6.17125581567902
0.791119211055878,-6.1712558152194
0.791205468675592,-6.17125581470804
0.791205292613148,-6.17125581464855
0.791120922626937,-6.17125581463127
0.791204867303331,-6.17125581450588
0.791121406051149,-6.1712558144694
0.791121421298614,-6.17125581446432
0.791204548054245,-6.17125581439973
0.791122213475668,-6.17125581420319
0.791203701339616,-6.17125581412214
0.791123840037553,-6.17125581368274
0.791202138229422,-6.17125581362474
0.791201678337697,-6.17125581348211
0.791124542814477,-6.17125581346441
0.791124584653494,-6.17125581345154
0.791201108866314,-6.17125581330784
0.791125748987337,-6.17125581309889
0.791200242334392,-6.17125581304763
0.791126100887861,-6.17125581299444
0.791199535159769,-6.17125581283971
0.791199148020789,-6.17125581272759
0.791198392348986,-6.17125581251216
0.791198170880955,-6.1712558124499
0.791128758446748,-6.17125581223757
0.791128903281529,-6.17125581219795
0.791128969388148,-6.17125581217992
0.791196896367279,-6.17125581209916
0.791196680175626,-6.17125581204095
0.791129619717442,-6.17125581200439
0.791196502525175,-6.1712558119934
0.791195848752478,-6.17125581182058
0.791195807035928,-6.17125581180966
0.791130403572447,-6.17125581179732
0.791195230919813,-6.17125581166039
0.791131029684322,-6.17125581163545
0.791131187996361,-6.17125581159501
0.791131546265299,-6.17125581150425
0.791194477903647,-6.17125581146928
0.791131821689847,-6.17125581143517
0.791132433599162,-6.17125581128386
0.791132543361813,-6.17125581125704
0.791133155816915,-6.17125581110913
0.791133396907037,-6.17125581105173
0.791192539661697,-6.1712558109982
0.791133783267764,-6.17125581096071
0.79113378585726,-6.1712558109601
0.791133877173942,-6.17125581093877
0.791192222457303,-6.17125581092396
0.791134144998319,-6.17125581087657
0.791191760685319,-6.17125581081732
0.791191730284028,-6.17125581081036
0.791191514985819,-6.17125581076128
0.791191243020585,-6.17125581069981
0.791134966237652,-6.17125581068944
0.791190556082334,-6.17125581054717
0.791135994982098,-6.17125581046262
0.791136254192147,-6.1712558104068
0.791189785145126,-6.17125581038035
0.791137213510986,-6.17125581020489
0.791188822610283,-6.17125581017874
0.791138101224038,-6.17125581002461
0.791138200013774,-6.17125581000493
0.791187688005849,-6.17125580995059
0.791187580709461,-6.17125580992954
0.791138826483455,-6.17125580988198
0.791187000952085,-6.17125580981743
0.791139183635499,-6.17125580981329
0.791186758075412,-6.17125580977126
0.79118663597787,-6.17125580974823
0.791186606605058,-6.1712558097427
0.791140058879447,-6.17125580964927
0.791185914701232,-6.1712558096146
0.791140271108207,-6.17125580961042
0.791185856658768,-6.17125580960402
0.791185637967371,-6.17125580956443
0.791185582845305,-6.17125580955451
0.791185089390898,-6.17125580946679
0.791185055637206,-6.17125580946086
0.791184724942101,-6.17125580940325
0.791141583269862,-6.1712558093782
0.791142018763186,-6.17125580930417
0.791184095500046,-6.17125580929601
0.791183688376587,-6.17125580922834
0.791182905163358,-6.17125580910186
0.791143265001842,-6.1712558091007
0.791182880335802,-6.17125580909793
0.791182482638944,-6.17125580903567
0.79118237801263,-6.1712558090195
0.791181926416099,-6.17125580895071
0.791144617234458,-6.17125580889395
0.79118147188004,-6.17125580888311
0.791181260702543,-6.17125580885226
0.791145058515628,-6.17125580882964
0.791145102741671,-6.17125580882328
0.791180133702321,-6.17125580869368
0.791180101362609,-6.17125580868928
0.791146070412936,-6.17125580868805
0.791179934280378,-6.17125580866668
0.791146606076186,-6.1712558086164
0.791147090897178,-6.17125580855354
0.791147258211482,-6.17125580853228
0.791178342350934,-6.17125580846249
0.791178257558981,-6.17125580845218
0.791148126190282,-6.17125580842558
0.791148253566233,-6.17125580841042
0.791148496658759,-6.17125580838187
0.791148661679328,-6.17125580836275
0.791149026770357,-6.17125580832123
0.791177068662779,-6.17125580831371
0.791176571361631,-6.17125580825913
0.791149731859619,-6.17125580824406
0.791149769136275,-6.17125580824009
0.791150051212978,-6.17125580821041
0.791176071655345,-6.17125580820628
0.791150246694936,-6.17125580819021
0.791175733683286,-6.17125580817167
0.791150563692952,-6.17125580815812
0.791175563283179,-6.17125580815456
0.791175204944062,-6.17125580811934
0.791151020828583,-6.17125580811324
0.791151048888235,-6.17125580811054
0.791151138157776,-6.17125580810199
0.791174893092544,-6.17125580808953
0.791151374153311,-6.1712558080797
0.79117450548663,-6.17125580805356
0.791174476605029,-6.17125580805093
0.791151690717299,-6.1712558080505
0.791174310603382,-6.17125580803593
0.791174245662361,-6.17125580803012
0.791174220149204,-6.17125580802785
0.791174206487386,-6.17125580802663
0.791174086271715,-6.17125580801601
0.79117387443339,-6.17125580799756
0.791173764258981,-6.17125580798811
0.791152401145199,-6.17125580798787
0.791173737445135,-6.17125580798583
0.791152563235043,-6.17125580797415
0.791173563317295,-6.17125580797113
0.791152622290822,-6.1712558079692
0.791173501167846,-6.17125580796594
0.791173246830788,-6.17125580794503
0.791173184759972,-6.17125580794
0.791173183071801,-6.17125580793987
0.79117315365913,-6.1712558079375
0.791173132025674,-6.17125580793576
0.791153204546275,-6.17125580792191
0.791153396856409,-6.17125580790688
0.791172720677407,-6.17125580790341
0.79115344844835,-6.1712558079029
0.791153458417106,-6.17125580790214
0.791172689191453,-6.17125580790099
0.791172524833396,-6.17125580788848
0.791172459757807,-6.17125580788359
0.791172438552247,-6.171255807882
0.791172173943088,-6.17125580786251
0.791154271265661,-6.17125580784229
0.79115453105736,-6.17125580782428
0.791154598651005,-6.17125580781968
0.791154773556373,-6.17125580780795
0.791171353628456,-6.17125580780561
0.791154907693123,-6.17125580779912
0.791171215180948,-6.17125580779654
0.791154972997057,-6.17125580779488
0.79115517747371,-6.1712558077818
0.791155180953857,-6.17125580778158
0.791170977210911,-6.1712558077813
0.791170957124032,-6.17125580778004
0.791170864377044,-6.17125580777424
0.791155421259262,-6.17125580776665
0.791155463362168,-6.17125580776408
0.79115550252719,-6.1712558077617
0.791170658506456,-6.17125580776161
0.791155523220155,-6.17125580776045
0.79117060450226,-6.17125580775835
0.791155680364144,-6.17125580775106
0.791170453856148,-6.17125580774939
0.791170366338835,-6.17125580774427
0.791155852350288,-6.17125580774101
0.791155924298365,-6.17125580773688
0.791156032095612,-6.17125580773076
0.791156165929237,-6.17125580772329
0.791156216331549,-6.17125580772052
0.791169898193296,-6.1712558077179
0.791156403508792,-6.1712558077104
0.791169641478375,-6.17125580770418
0.791156545702953,-6.17125580770289
0.791169612798947,-6.17125580770268
0.79115658300987,-6.17125580770095
0.791156659912847,-6.17125580769698
0.791169487495557,-6.17125580769621
0.791156766713085,-6.17125580769155
0.791156872809883,-6.17125580768624
0.791169271936806,-6.17125580768536
0.791157097360322,-6.17125580767531
0.791168967522048,-6.17125580767068
0.791157248902893,-6.17125580766815
0.791168847527092,-6.1712558076651
0.791168576494059,-6.1712558076529
0.791157588039394,-6.17125580765281
0.791168559533653,-6.17125580765216
0.791168549318881,-6.17125580765171
0.791168494647276,-6.17125580764934
0.791168488508882,-6.17125580764907
0.791168460605506,-6.17125580764787
0.791157741096939,-6.17125580764619
0.791157787889725,-6.1712558076442
0.791158005211863,-6.1712558076352
0.791168148134026,-6.17125580763483
0.791168108440347,-6.17125580763323
0.791158142746763,-6.1712558076297
0.791168017792182,-6.17125580762963
0.791167951037571,-6.17125580762701
0.791158225832462,-6.17125580762645
0.791158226072552,-6.17125580762644
0.79115823274278,-6.17125580762618
0.791158239670983,-6.17125580762592
0.791167907424063,-6.17125580762532
0.791167881280391,-6.17125580762432
0.791158296336367,-6.17125580762374
0.791167861359107,-6.17125580762356
0.791158359403152,-6.17125580762134
0.791167736316229,-6.17125580761884
0.791167638482683,-6.17125580761524
0.791158566830469,-6.17125580761369
0.791167586124496,-6.17125580761335
0.791167580391294,-6.17125580761314
0.791158589191037,-6.17125580761289
0.791167549408246,-6.17125580761203
0.791158756952172,-6.17125580760698
0.791158771393842,-6.17125580760648
0.791158808636935,-6.17125580760521
0.791158811830019,-6.1712558076051
0.791158823372596,-6.1712558076047
0.791167204412809,-6.1712558076002
0.791159066165148,-6.17125580759668
0.791159086761137,-6.17125580759602
0.791159188116476,-6.17125580759283
0.791166933301178,-6.17125580759156
0.791159237641158,-6.1712558075913
0.791166918331837,-6.1712558075911
0.791159257020731,-6.1712558075907
0.791159262220149,-6.17125580759055
0.791159296831124,-6.1712558075895
0.791159321545092,-6.17125580758875
0.791166786549444,-6.17125580758713
0.791166756599832,-6.17125580758625
0.791166731533203,-6.17125580758551
0.791166718515899,-6.17125580758513
0.791159471321224,-6.17125580758434
0.791159504645367,-6.17125580758339
0.791159507801834,-6.1712558075833
0.791159519768625,-6.17125580758295
0.791159606763922,-6.17125580758051
0.791159647047111,-6.1712558075794
0.79115964976375,-6.17125580757932
0.791159666049183,-6.17125580757888
0.791166481089681,-6.17125580757846
0.791159711407379,-6.17125580757765
0.791166450459762,-6.17125580757763
0.791166450179328,-6.17125580757763
0.791159716203536,-6.17125580757752
0.791166438638703,-6.17125580757732
0.791159755412356,-6.17125580757647
0.791166390950934,-6.17125580757605
0.791159851106038,-6.17125580757397
0.791159888707424,-6.171255807573
0.791166175086694,-6.17125580757052
0.791160026123562,-6.17125580756957
0.79116002650387,-6.17125580756956
0.791160045636977,-6.1712558075691
0.791166107362408,-6.17125580756887
0.791166102888091,-6.17125580756876
0.791166100308625,-6.1712558075687
0.791166089377757,-6.17125580756844
0.79116007546927,-6.17125580756838
0.791160076635395,-6.17125580756835
0.791166052172373,-6.17125580756755
0.79116602621803,-6.17125580756693
0.791165982230047,-6.17125580756591
0.791165964361419,-6.17125580756549
0.791165924080372,-6.17125580756457
0.791160374135143,-6.17125580756156
0.791160402898224,-6.17125580756094
0.791160442421188,-6.17125580756011
0.79116571032306,-6.1712558075599
0.791165707139273,-6.17125580755983
0.791160493049821,-6.17125580755905
0.791165643411627,-6.17125580755851
0.791165631472469,-6.17125580755827
0.791165620419455,-6.17125580755805
0.791165605826577,-6.17125580755775
0.791160557969326,-6.17125580755772
0.791165597041806,-6.17125580755757
0.791160583026932,-6.17125580755722
0.791160628732139,-6.17125580755632
0.791160664645686,-6.17125580755562
0.791160673716543,-6.17125580755544
0.791160711026186,-6.17125580755473
0.791165416810439,-6.17125580755408
0.791165402524855,-6.17125580755382
0.791165379021591,-6.17125580755338
0.791160824790737,-6.17125580755263
0.791160833216354,-6.17125580755248
0.79116531402779,-6.17125580755221
0.791160854226717,-6.1712558075521
0.791165295197233,-6.17125580755187
0.791160888726859,-6.17125580755149
0.79116526605731,-6.17125580755136
0.791165264298496,-6.17125580755133
0.791165222575315,-6.17125580755061
0.791165120381206,-6.1712558075489
0.791165112007927,-6.17125580754877
0.791165106130157,-6.17125580754867
0.791161077531957,-6.17125580754833
0.791165052470659,-6.17125580754781
0.791165047756413,-6.17125580754774
0.791165047540203,-6.17125580754774
0.791165024258953,-6.17125580754737
0.791161142307829,-6.17125580754731
0.791161164904395,-6.17125580754696
0.791161174862648,-6.17125580754681
0.791164969954944,-6.17125580754654
0.791164956756359,-6.17125580754634
0.791161251292676,-6.17125580754567
0.79116490453706,-6.17125580754557
0.791161260848618,-6.17125580754553
0.791161275300052,-6.17125580754532
0.791161290774521,-6.1712558075451
0.791164867611137,-6.17125580754504
0.791161307550122,-6.17125580754486
0.791164854741675,-6.17125580754486
0.791161309874075,-6.17125580754483
0.791161367102177,-6.17125580754403
0.791161371375416,-6.17125580754397
0.791161375943508,-6.17125580754391
0.791164755353571,-6.17125580754349
0.791161413740141,-6.1712558075434
0.791164720977513,-6.17125580754303
0.79116470385447,-6.17125580754281
0.791164702134525,-6.17125580754279
0.791164701762109,-6.17125580754278
0.791161469320898,-6.17125580754267
0.791161476152218,-6.17125580754258
0.791164671845362,-6.1712558075424
0.791161498822708,-6.1712558075423
0.791161509244905,-6.17125580754216
0.791161519225102,-6.17125580754204
0.791161523489492,-6.17125580754199
0.791161550294363,-6.17125580754166
0.791164611455962,-6.17125580754165
0.791164601769364,-6.17125580754153
0.791164569420044,-6.17125580754114
0.791161596602869,-6.1712558075411
0.791164539898502,-6.17125580754079
0.791164528396463,-6.17125580754066
0.791164500429148,-6.17125580754034
0.79116450034822,-6.17125580754034
0.791164490992878,-6.17125580754023
0.79116168871652,-6.17125580754004
0.791164472504956,-6.17125580754003
0.791161696790045,-6.17125580753995
0.791164451788634,-6.1712558075398
0.791164445209642,-6.17125580753972
0.7911617205447,-6.17125580753969
0.791164419914292,-6.17125580753945
0.791161746737215,-6.17125580753941
0.791164386038171,-6.17125580753909
0.791164336088378,-6.17125580753858
0.791164262338883,-6.17125580753787
0.791161922146118,-6.17125580753766
0.791161932157822,-6.17125580753757
0.791161939483543,-6.1712558075375
0.791164222674775,-6.1712558075375
0.791161943881044,-6.17125580753746
0.791161950312126,-6.1712558075374
0.791164208885343,-6.17125580753737
0.791164169916926,-6.17125580753703
0.791164156414823,-6.17125580753691
0.791164136783716,-6.17125580753674
0.791162035703234,-6.17125580753666
0.791164106180465,-6.17125580753649
0.791162081962107,-6.17125580753628
0.791164070489956,-6.1712558075362
0.79116209500492,-6.17125580753618
0.791164058279818,-6.17125580753611
0.791162106613804,-6.17125580753609
0.791164043982836,-6.171255807536
0.791164041449714,-6.17125580753598
0.791162134281588,-6.17125580753588
0.791162141525322,-6.17125580753582
0.791164013684566,-6.17125580753577
0.791162160234962,-6.17125580753568
0.791163998660897,-6.17125580753566
0.791162169403324,-6.17125580753561
0.79116398793856,-6.17125580753558
0.791162181211454,-6.17125580753553
0.791162198323835,-6.17125580753541
0.791163962243825,-6.17125580753539
0.791163957244116,-6.17125580753536
0.791162224261226,-6.17125580753523
0.791162226615379,-6.17125580753521
0.791163915830923,-6.17125580753508
0.791163880489286,-6.17125580753485
0.791162282411703,-6.17125580753484
0.79116385597366,-6.17125580753469
0.791162310286213,-6.17125580753467
0.791163852299715,-6.17125580753467
0.791162314146465,-6.17125580753464
0.791163840417765,-6.1712558075346
0.791162323095918,-6.17125580753459
0.791163835322783,-6.17125580753457
0.79116232719004,-6.17125580753457
0.791163815284892,-6.17125580753445
0.791163812770924,-6.17125580753443
0.791162357911525,-6.17125580753438
0.79116236179435,-6.17125580753436
0.791163788293291,-6.17125580753429
0.791163779009719,-6.17125580753424
0.791163776684624,-6.17125580753423
0.79116239291977,-6.17125580753419
0.791162394637904,-6.17125580753418
0.791163760524206,-6.17125580753414
0.791162413283511,-6.17125580753408
0.79116241439884,-6.17125580753407
0.791162436720202,-6.17125580753395
0.791163719714773,-6.17125580753392
0.791163693956439,-6.17125580753379
0.791163692238366,-6.17125580753379
0.791163688043199,-6.17125580753376
0.791163684949352,-6.17125580753375
0.791163682990822,-6.17125580753374
0.791162480147537,-6.17125580753374
0.79116368102586,-6.17125580753373
0.791162483875499,-6.17125580753372
0.791162484487452,-6.17125580753372
0.791163675031137,-6.1712558075337
0.791162496186325,-6.17125580753366
0.791162497367894,-6.17125580753366
0.79116365756601,-6.17125580753362
0.791163652617359,-6.1712558075336
0.791163646544619,-6.17125580753357
0.791163639065575,-6.17125580753354
0.791163621129627,-6.17125580753346
0.79116361887992,-6.17125580753345
0.791162556430109,-6.17125580753339
0.791162560231053,-6.17125580753338
0.791163597700495,-6.17125580753336
0.791163596848016,-6.17125580753336
0.791162566704822,-6.17125580753335
0.791162566903243,-6.17125580753335
0.791162574069336,-6.17125580753332
0.791163587819345,-6.17125580753332
0.79116358682208,-6.17125580753332
0.791162581541279,-6.17125580753329
0.791162583573086,-6.17125580753328
0.791162586007598,-6.17125580753327
0.791162599770206,-6.17125580753322
0.791163560817389,-6.17125580753321
0.791162610090047,-6.17125580753318
0.791163550498932,-6.17125580753317
0.791163539508806,-6.17125580753313
0.791162632893153,-6.1712558075331
0.791162633439001,-6.17125580753309
0.79116352725314,-6.17125580753309
0.791162639696393,-6.17125580753307
0.791162642597583,-6.17125580753306
0.791162645658617,-6.17125580753305
0.791163508002721,-6.17125580753302
0.791163494014434,-6.17125580753297
0.791162679832106,-6.17125580753294
0.791162687174709,-6.17125580753291
0.791162688540541,-6.17125580753291
0.791163472393743,-6.17125580753291
0.791162692822416,-6.1712558075329
0.791162695227724,-6.17125580753289
0.791163467104358,-6.17125580753289
0.791163467096405,-6.17125580753289
0.79116269683365,-6.17125580753288
0.79116346362057,-6.17125580753288
0.791163462015689,-6.17125580753287
0.791163456321207,-6.17125580753286
0.791163454902197,-6.17125580753285
0.791163450810856,-6.17125580753284
0.791162715787671,-6.17125580753283
0.791163442562583,-6.17125580753282
0.791163434663423,-6.17125580753279
0.791163424762961,-6.17125580753277
0.791162742796272,-6.17125580753275
0.791162743109918,-6.17125580753275
0.791162743044605,-6.17125580753275
0.791163418729603,-6.17125580753275
0.791162743609853,-6.17125580753275
0.791162747862994,-6.17125580753274
0.791163414134674,-6.17125580753274
0.791162751285919,-6.17125580753273
0.791163409014717,-6.17125580753272
0.791162755980897,-6.17125580753272
0.791162762692506,-6.1712558075327
0.791163399585361,-6.1712558075327
0.791163398665546,-6.1712558075327
0.791163396222816,-6.17125580753269
0.791162766306655,-6.17125580753269
0.791162768748471,-6.17125580753268
0.79116338888707,-6.17125580753267
0.791163388927393,-6.17125580753267
0.791162774645104,-6.17125580753267
0.791162775073469,-6.17125580753267
0.79116338350785,-6.17125580753266
0.791162779126872,-6.17125580753266
0.791163383368323,-6.17125580753266
0.791163377636922,-6.17125580753265
0.791162787454621,-6.17125580753264
0.791163372926963,-6.17125580753263
0.791162795470969,-6.17125580753262
0.791163366091984,-6.17125580753262
0.791162804341308,-6.1712558075326
0.791162814956235,-6.17125580753258
0.791163344198356,-6.17125580753257
0.791163343728837,-6.17125580753257
0.79116333743639,-6.17125580753256
0.79116333653423,-6.17125580753255
0.791163335233968,-6.17125580753255
0.791162828947641,-6.17125580753255
0.791163331476506,-6.17125580753254
0.791163329260107,-6.17125580753254
0.79116332929362,-6.17125580753254
0.791163327577548,-6.17125580753254
0.791162835252181,-6.17125580753254
0.791163320036377,-6.17125580753252
0.791162844165237,-6.17125580753252
0.791163318037413,-6.17125580753252
0.791163313649759,-6.17125580753251
0.79116284911758,-6.17125580753251
0.79116331301885,-6.17125580753251
0.791163309919294,-6.1712558075325
0.791163309610834,-6.1712558075325
0.791163308973956,-6.1712558075325
0.791163303996014,-6.17125580753249
0.791162860514358,-6.17125580753249
0.791163298506226,-6.17125580753248
0.791163298260001,-6.17125580753248
0.791162864368576,-6.17125580753248
0.791163290454023,-6.17125580753247
0.791162872935535,-6.17125580753247
0.791162877009453,-6.17125580753246
0.791162877539486,-6.17125580753246
0.791162879350638,-6.17125580753246
0.791163275774113,-6.17125580753245
0.791162887857269,-6.17125580753244
0.791163273945207,-6.17125580753244
0.791162889847972,-6.17125580753244
