beta_0,beta_1,beta_2,sigma,log_likelihood
32.2080981858912,49.0354172123714,-36.8972075140993,7.93904102169993,-670.372363364379
30.2133943643951,52.4093851470996,-59.5491203437344,7.5565308520347,-670.065353861598
32.6203145919008,44.5960474853756,-34.1045899690471,8.57226723105527,-672.587897704135
34.9837704718257,43.4052027172638,-25.6294334345595,7.51382354704437,-674.659467361618
31.7851699977085,48.6698077175385,-40.8580029908489,7.2948758148255,-670.066403803732
32.1556765421076,48.525675916356,-11.4733621876113,8.47472068540699,-672.556441212648
31.0652982722019,49.2085793554136,-84.38958388479,8.43009495633254,-669.431013266971
30.9170314107429,48.9195216290774,-65.6224436906386,8.43779621287646,-669.50035059591
33.0121921550168,44.8336794253011,-13.3683069620732,8.20589901376239,-671.410907732607
31.0015370129663,49.3062154480556,-32.3494096031367,7.16661470607151,-671.256492529903
29.6700256649106,52.5327426840328,-65.240596407759,7.82739425925177,-669.119965567393
32.0311697542072,48.0977183345643,-51.2974673856486,7.89056446357329,-668.445550849216
31.0619724857111,48.8010214764909,-47.0345806845517,8.04931382259445,-668.733813230297
31.7139525227704,46.8541772986832,-11.6836279574159,8.26634210629407,-671.135787290633
32.8897795012416,46.6496111080252,-72.9740960744485,8.34136374328115,-669.920756686083
30.4396475085715,49.9475902713776,-31.6544893582542,7.58886931992641,-670.095203989469
30.6805774697996,47.9624632663803,-50.9848889652674,8.2464197665013,-670.90003986404
31.5058428692325,48.2187188563063,-74.308548958894,7.5827305726376,-668.935393152453
30.8657385196454,51.0407825295272,-45.7110709411819,7.69773911916483,-669.79532267584
32.0609023746557,47.9379864034542,-18.5580954361999,8.13546737866812,-670.446362333458
31.292279377432,49.7009722703597,-15.5181598375916,8.44743303032507,-672.010111070042
32.4403249014339,45.628694178561,-11.3915030116123,8.03592632441704,-671.094010139097
31.6694950923791,48.5074435945033,-61.2695611548041,7.74346613028971,-668.184131257696
31.1150762335955,50.1327836395082,-42.0426918512228,8.45299566303503,-670.023124985563
29.3827686269982,53.1481198887432,-80.3268154739133,8.44774686050223,-669.937728954582
32.4403249014339,45.628694178561,-11.3915030116123,8.03592632441704,-671.094010139097
30.8321454589341,49.9302685800546,-40.0810418865139,8.35146276773796,-669.590037629968
31.569023686474,47.6853975616714,-15.5855152747617,7.99035587499939,-670.343309944062
31.0992723202511,49.8707152067071,-61.7071054653225,7.93439803095871,-668.082098911772
30.9842083742197,50.7243958103405,-51.9009513024613,8.36910706592983,-669.628144982512
30.3477714925527,49.8948012501037,14.4616156864806,8.63712009835875,-675.726587022071
29.5264100016837,51.3825357389701,-35.9028508629524,7.58998932031155,-671.016821933747
32.1584024448064,48.1844640444766,-34.3173944761378,7.32802874549878,-670.581559706738
29.7145042957954,51.050124030094,-17.2011109210892,7.1043362769418,-674.986056035665
29.2919657439627,50.9090974608894,-41.8705499761606,8.0084860629544,-671.035113965299
31.721501746015,48.8420901174648,-29.6430190145518,7.8936401475161,-669.673552396126
30.9878380012194,50.6805641935376,-70.1890800676834,7.37085277411006,-668.989183093968
32.055402715661,46.0559321748192,-21.9077875455949,8.55790222153964,-671.578881883436
29.8799167247927,51.6702016316652,-13.730112830253,8.10013742457075,-672.865825006268
29.7298409371074,50.9663114965965,-59.1467393358028,8.01529036663217,-669.277416139462
30.8394189000229,50.2808098977137,-56.5000854007553,7.8373801191824,-668.290232355442
31.0495777073947,50.6476716917188,-56.1245212442062,7.53800373949971,-669.1323111017
32.9626289617294,43.4936592501655,-8.79696007861462,8.77532464310605,-674.75048365598
32.401806865261,47.275634476103,-25.3618383097484,8.31465369859155,-670.248977610581
31.8176312066846,47.5795691081995,-40.3620066012643,8.22859333432142,-669.204042905206
34.2514520028332,45.0171823003785,-53.506178032954,8.06347570501953,-671.501250903407
31.3427043700234,50.895167647914,-56.2969538838077,8.88141933566844,-672.046481656667
34.0150148054138,45.8096841900077,-58.9416557934068,8.26961625950871,-671.393630473698
33.8252968353599,44.9091340738092,-24.5277399966087,7.86709849008107,-671.311433170192
30.633313841928,49.2783254607806,-57.0674653851791,8.52492479864018,-669.901334975196
33.3570637698189,43.694815719462,-22.5063203847928,7.95686503895921,-672.102835743505
30.9315185826089,50.1751881037984,-70.3944734289014,7.50825777749448,-668.336406120981
34.4665136744931,43.9613877246474,-19.0242997232165,8.18124508176014,-672.750921017598
32.3018809247756,47.7981310458705,-29.9651398514756,7.90385430558117,-669.653921252084
30.9170314107429,48.9195216290774,-65.6224436906386,8.43779621287646,-669.50035059591
31.1015272893848,48.0747180590962,-16.3755672918764,7.73406185218343,-670.734614473777
29.6351959558938,51.2474157232071,-89.7846976109921,8.09644679680094,-669.599053900696
31.6120520786653,47.3555255499869,-16.0749055293031,8.34967246834337,-670.835260758707
33.2143107976772,45.379625856279,-31.0132168440965,8.49032560366049,-671.029816652925
30.9065602857458,49.8306018654243,-29.5103931458376,7.93554109318421,-669.740438006244
30.8563706202859,49.592778321706,-26.0515250128103,8.05206105560003,-669.945703481955
32.9824598899114,46.1442851330477,-84.6238878474681,7.97217475028237,-670.445538852954
33.1465140145852,46.3212302718458,-32.3215725160233,7.89950497788067,-670.081318842708
31.7677445501755,47.3939853791133,-40.4999515869884,8.8859468565215,-671.528990326781
31.0015370129663,49.3062154480556,-32.3494096031367,7.16661470607151,-671.256492529903
31.7284752141805,46.9961195252177,-31.1479153805143,7.80260714711592,-669.746856613982
31.0813117402492,48.7738487459864,-40.6960687448391,7.91292705395062,-668.85656900181
31.5247851200496,48.3651551315385,-42.5430726969874,8.38958678306675,-669.367323276742
30.2754881198533,49.2285815826961,-43.0275898599339,7.72789935027114,-670.051738831594
32.0967087564139,48.6402932019009,-50.2701076901213,7.3100855354907,-669.9302419686
31.4644744485193,46.8239073247262,-14.3834946483309,7.86136977874859,-671.193947364437
31.6000951264645,46.9824050619717,-1.87215309303509,8.33151935226067,-672.036584744856
32.5413251874328,47.9477047047764,-2.33170983085651,8.17772832135819,-673.26632343014
28.0935149448341,53.2514300923841,-5.61435481119042,7.87487956155251,-677.296253020367
28.7120064870088,54.3606481231859,-42.5885552169591,7.95255873171572,-672.883053975903
33.3060412621336,45.0891504997689,-21.1703694068494,7.35055595546997,-672.056822882369
30.3731323568595,52.0659378607846,-47.8547204814725,7.68655683201925,-670.437904943416
31.1402459272822,50.1620770800576,-62.485146021714,8.30684915492016,-668.757868102632
31.4730971169727,49.2976614721979,-64.7961296752004,8.00920460135999,-668.100792342107
31.7974859485712,47.8821866273162,-13.4945393387236,8.07373552554789,-670.582448778135
32.7493457073943,46.4660186277407,-18.973097000308,8.36437892301158,-670.865481159865
31.1407900149894,47.5450908084544,-13.6155451944611,8.06478567350663,-671.122796569131
33.2204904857961,45.4226157555346,-14.2498195739349,8.38076534331238,-671.51413721793
34.5215355930186,44.6576356724881,-32.8282359239124,7.56492424872245,-673.311292064348
30.2749816322514,50.3708721876024,-38.2276601796352,7.40320689322844,-670.32505134001
32.2810772793957,50.0727342917054,-43.376747044466,8.07838678171457,-672.297931561009
31.9631085328726,48.5342383984034,-54.6775788580545,7.58456692797248,-668.650025215635
31.0307303234726,48.7546651495468,-77.1892901219509,7.6296393767108,-669.108331503818
32.1565346680516,48.4204184952707,-67.3212416202809,7.84737854376738,-668.373790863397
29.9236720556042,49.8066099365816,-40.8296601533682,8.569067249339,-671.367159720036
28.9088761423919,52.2605776099142,-24.7292525040264,8.07122983569894,-672.704308691308
30.5165680213186,50.2262270595434,-25.6166765501444,8.76302218567222,-672.018694837009
29.8803198890502,50.0445397395786,-45.7519302039059,6.9175126324528,-673.949611027312
29.7194903493428,51.8135280228332,-39.4095098040056,8.07910523876649,-670.298327175576
32.2437905949169,45.8295281160377,-46.1005978642987,7.98582968584616,-670.263856627613
31.7724161355551,49.0763919597395,-29.1503745327965,8.53681827298592,-671.032343107389
31.8346858387183,47.4055294070131,-26.6108671387843,7.73567425339557,-669.631112938694
29.3827686269982,53.1481198887432,-80.3268154739133,8.44774686050223,-669.937728954582
32.9587716854734,48.2639285003091,-49.2323982921231,7.46694948046047,-671.548370399767
29.8799167247927,51.6702016316652,-13.730112830253,8.10013742457075,-672.865825006268
33.0811501365696,46.9644573894571,-46.3813113621514,7.62565362460896,-669.963301413898
30.6543060407206,49.3782501147161,-60.0141912943421,7.73086441671046,-668.682518731149
32.1411949818711,46.6151569131296,-32.9769850179993,7.85845937844305,-669.523487664105
33.2143107976772,45.379625856279,-31.0132168440965,8.49032560366049,-671.029816652925
32.2437905949169,45.8295281160377,-46.1005978642987,7.98582968584616,-670.263856627613
32.4557604969018,47.7690627858183,-42.3548650601503,7.4461093612382,-669.830798462238
31.7139525227704,46.8541772986832,-11.6836279574159,8.26634210629407,-671.135787290633
31.7558876075401,49.0103714163997,-57.1166128491947,7.69503012445161,-668.39233050094
31.6533503342184,46.8703927977492,-12.1925720230163,7.33198365169067,-672.316772664635
30.9032785132034,50.7569289444191,-58.5841147356892,7.89748187271218,-668.553697355159
32.6350246860729,48.0117902194793,-44.0017131188107,8.31894922416886,-670.107122302638
32.6657390308755,47.2833296831919,-46.2727171273239,8.11589337178441,-669.229164866248
31.8640106959072,49.6944468669157,-41.9923909699159,7.44506334027418,-670.880140844468
31.2050127173656,49.1471210241326,-46.3998829650633,8.66259882311358,-670.14287110328
30.9723404319513,47.7469941865356,-19.2777014057915,7.98381956001494,-670.895719713173
32.0813719531107,47.5769445288134,-62.9755811734875,8.4697341219766,-669.496745035533
32.6962040957807,47.0319910267313,-40.5972568802298,7.75835260291003,-669.315469322019
31.9496579941556,47.8583564538263,-40.8488994785824,8.16388056683283,-668.986314428925
31.7974859485712,47.8821866273162,-13.4945393387236,8.07373552554789,-670.582448778135
33.8162444547441,45.1511209257441,-49.8894001433778,8.47058051886551,-671.314576564695
30.7851297100484,47.7559007751081,-41.5543206914216,7.67528892644209,-670.94929427076
32.3791432801773,47.8293899903531,-17.6228955695444,8.039254255371,-670.879491578866
32.0282493923159,47.8765979735391,-36.766249804711,8.29686665560597,-669.449878953706
32.4389612623257,47.49834365322,-36.1122394900348,7.25707882661118,-670.761669702868
33.8255795677154,45.6320149148752,-40.2336567173093,8.06844199311376,-670.916161230553
31.3552150405486,47.5376052477634,-31.4742083887323,7.68184003854325,-669.928056011689
31.6647307409037,48.4974818060725,-61.6341091342866,8.59645466663787,-669.624298394926
30.7995020832131,52.3706648414848,-45.676395019409,8.71171687445043,-673.444249392076
31.3883489448094,47.7262407523455,-19.6233396058435,7.99508887913265,-670.183812102202
30.3107520262669,51.7440459909597,-62.4347921262247,7.35634195131634,-669.711647180682
33.6540206225756,46.1068302086436,-50.277012858859,8.22073764628129,-670.64656028623
32.4971877054641,44.7160264194777,-12.5698559446622,7.74139116971414,-672.343630115014
32.2350292153643,47.0873627537542,-43.4067894091098,8.32195440752142,-669.420585877741
31.3635546702295,47.0248625204393,-52.6503172114897,7.75249553177338,-670.441267047967
32.4403249014339,45.628694178561,-11.3915030116123,8.03592632441704,-671.094010139097
32.2889819589018,47.7391711900826,-41.1600157435185,8.38321491050234,-669.642068578533
29.2985977028826,53.0969078496693,-73.4176861053704,7.25512539620066,-670.758123448393
31.7677445501755,47.3939853791133,-40.4999515869884,8.8859468565215,-671.528990326781
31.2356660686233,48.4329942298116,-54.9927224042108,7.56068239481213,-668.870393200202
33.0392790583117,46.5773170253867,-35.6153321789431,7.97383054165406,-669.84387598422
33.9689385338174,43.8903733726092,-35.4015990990189,8.81277974788986,-673.189442435589
33.0195770456388,46.7706954322125,-9.85708517221081,7.41389627402629,-673.119662020357
31.8035969964104,48.1062774910957,-32.9839625317234,8.09152436476864,-669.227636778345
29.5264100016837,51.3825357389701,-35.9028508629524,7.58998932031155,-671.016821933747
33.8252968353599,44.9091340738092,-24.5277399966087,7.86709849008107,-671.311433170192
32.3018809247756,47.7981310458705,-29.9651398514756,7.90385430558117,-669.653921252084
30.7253079273639,48.5066836595996,-6.28311526956876,7.60428808474525,-672.3252823704
30.9723404319513,47.7469941865356,-19.2777014057915,7.98381956001494,-670.895719713173
33.0445049937664,47.6439614196922,-69.4772408530081,8.04241465817477,-669.691677557293
31.285544210121,48.770358876276,-64.6725201836887,7.8201198002641,-668.223771321018
33.843514915645,44.1066973209201,-43.6528953146795,7.37968436164382,-672.453256060272
31.6988903257648,51.9356281202366,-77.3924237461561,8.03716481623025,-672.177502405443
31.6247478152354,47.1609644743097,-29.7844946093662,8.24064854398406,-670.041241231608
30.660739625801,51.193229141745,-47.4413248607508,8.09812614748477,-669.520851420616
30.6755133393604,49.7867079507223,-45.6212683300949,8.02654974283259,-668.79264700852
30.9088196347851,51.1247647522273,-75.6209075643576,8.15618617326616,-668.588787400758
31.6671685733907,46.7325001874514,14.840578477043,8.42019288636945,-673.844882221208
31.8393325327736,47.6760988441228,-50.2989737738757,7.33630539712541,-669.566902641625
31.6120520786653,47.3555255499869,-16.0749055293031,8.34967246834337,-670.835260758707
31.5735369729827,50.2894236999791,-78.6284503043817,8.00622288202159,-668.612777917851
33.6540206225756,46.1068302086436,-50.277012858859,8.22073764628129,-670.64656028623
30.5561785398591,50.8095127361043,-36.500220384528,8.13783311940444,-669.896588128391
30.9059658826474,49.0992478252758,-60.2340104954715,7.69888343352706,-668.526460426167
31.5371015726975,49.2633572137923,-44.510852750255,8.10629470276871,-668.90757541138
31.6631726415204,48.4360265543054,-45.4271839100619,7.85643801771425,-668.499489866421
30.550172842294,50.8653218051952,-36.4200678186102,9.04176469718307,-672.892424023936
33.1341039878234,46.7610688931046,-25.923644796268,7.44355857798372,-671.67621048044
31.3635546702295,47.0248625204393,-52.6503172114897,7.75249553177338,-670.441267047967
32.3791432801773,47.8293899903531,-17.6228955695444,8.039254255371,-670.879491578866
30.3289977933718,48.7064546470302,-43.0422580287319,8.28918234315451,-670.846310471343
32.5049022904985,45.5581639651983,-32.5951619981752,7.76063107745493,-670.371878933094
31.906707491194,50.2956463141898,-32.9123050412994,8.18391619165364,-672.416348539347
29.0676634913018,52.6869735407999,-63.0039580414519,8.27602936698432,-670.165312441612
30.9361064047953,48.8515528651877,-76.3443052944558,8.22871995414956,-669.269148122832
30.8914120739779,48.8935361352715,-44.3414151537732,7.98868323065621,-668.922401672235
29.4515733797912,51.6883136684162,-55.7430042488218,8.05784031524281,-669.617642733552
31.9833977735585,47.641367714953,-41.7934407026328,8.22169082988664,-669.08645955706
32.1411949818711,46.6151569131296,-32.9769850179993,7.85845937844305,-669.523487664105
33.3240964266424,45.8421526438275,-49.6293229825435,8.04298490115722,-669.821791040744
30.6918287742226,51.0116630013893,-55.4338526238422,7.3730846922704,-669.616321042666
30.3107520262669,51.7440459909597,-62.4347921262247,7.35634195131634,-669.711647180682
30.3289977933718,48.7064546470302,-43.0422580287319,8.28918234315451,-670.846310471343
30.880606422822,49.667278884222,-73.7883790006885,7.87025345947755,-668.127250738556
29.7185830344256,50.9462869820475,-54.5843607572075,8.49396239256325,-670.335248268846
32.2638230660126,45.4129032841977,-50.0578804400253,7.76408355591643,-671.270850823426
32.5174404231156,46.747037669512,-27.9066296871408,7.80614852534742,-669.679243494502
31.188175756291,48.9497697116532,-49.6454850613957,8.46512960263237,-669.383512154331
31.8616058317429,48.4748434920776,-64.4776188711424,7.54799506053873,-668.476388870654
32.9824598899114,46.1442851330477,-84.6238878474681,7.97217475028237,-670.445538852954
32.0967087564139,48.6402932019009,-50.2701076901213,7.3100855354907,-669.9302419686
32.9451879895094,45.7957858718012,-21.5883412646937,7.21191859642597,-672.253698607453
31.8176312066846,47.5795691081995,-40.3620066012643,8.22859333432142,-669.204042905206
31.135650588444,49.7904546483509,-74.2791193772313,7.98167334225251,-667.995796731031
32.2872754708036,47.9296334293225,-71.3687883309415,7.47521768271632,-669.020417350251
31.3593980336943,48.4074903822702,-67.7901626717192,7.89666671698231,-668.484683268548
28.5495828630157,51.152171301512,-69.2892474730933,8.59805602698506,-674.32462998073
30.2078473401585,51.9959037000237,-82.4125215011913,8.23499220101128,-668.753259232102
34.0230613362599,44.7346052047939,-33.7065701685523,8.79252834389043,-672.935388810684
31.7724161355551,49.0763919597395,-29.1503745327965,8.53681827298592,-671.032343107389
32.1584024448064,48.1844640444766,-34.3173944761378,7.32802874549878,-670.581559706738
31.3552150405486,47.5376052477634,-31.4742083887323,7.68184003854325,-669.928056011689
31.3212229723397,49.4712742614673,-54.2982148703688,7.72102905198011,-668.304210040553
32.6998408147343,46.2103745131849,-51.9742263826506,8.71338980300718,-671.011317527916
30.2769434802772,51.3862133737075,-27.8806312004781,8.95342506668389,-673.431547273374
32.1181546656721,48.5611659853683,-58.2475518196237,8.17844665723876,-668.78259899985
30.3107520262669,51.7440459909597,-62.4347921262247,7.35634195131634,-669.711647180682
30.9088196347851,51.1247647522273,-75.6209075643576,8.15618617326616,-668.588787400758
31.8396389973923,49.2597230306639,-80.4677018405076,7.81038056635518,-668.311873086296
31.2356660686233,48.4329942298116,-54.9927224042108,7.56068239481213,-668.870393200202
31.9689513789843,47.8570555717422,-37.7888356538345,7.80891191419691,-668.907996954947
32.070040508098,45.5159730935474,12.0780179613329,8.25586766268997,-673.568136342428
32.4090881899333,45.5728945729248,-63.470690569517,7.61307326261865,-671.351796104463
31.813381149572,47.3243958905898,-29.2803441946447,8.28200153529177,-669.839198526117
31.4232261496563,49.4314222909366,-70.6654584016711,8.11431034336138,-668.187456339832
31.4212888135454,48.1127443177205,-79.1538858893978,7.72118565398363,-669.226879535135
32.3018809247756,47.7981310458705,-29.9651398514756,7.90385430558117,-669.653921252084
31.6247478152354,47.1609644743097,-29.7844946093662,8.24064854398406,-670.041241231608
31.3427043700234,50.895167647914,-56.2969538838077,8.88141933566844,-672.046481656667
33.2918634918816,46.1662910441349,-4.23318345019559,8.76876046858329,-673.898935820618
32.1669005878183,48.0627199980866,-67.1912265551174,7.61751676731634,-668.558378784429
30.2861788195031,51.2340224450045,-57.8717280749609,8.19949488504942,-668.915078664715
31.4796140614401,47.7427439660607,-27.569302899721,8.12936539522685,-669.722451249444
33.1341039878234,46.7610688931046,-25.923644796268,7.44355857798372,-671.67621048044
31.312628722126,48.7221104566957,-58.7378692274624,7.88733711587558,-668.235729204956
33.0358725777749,45.6576861707234,-27.2207344640093,7.38898503413951,-671.171625734576
31.3856036233849,47.772073758178,-50.6480552817826,8.42205422221937,-669.812593328611
31.6759621206988,47.4055493146715,-49.5746710080427,8.6636589913442,-670.570882806152
33.9689385338174,43.8903733726092,-35.4015990990189,8.81277974788986,-673.189442435589
31.184640580545,49.0269705343914,-26.1647328070614,7.89794195741218,-669.68010271988
30.7738968002287,49.3607376745761,-32.2043238235713,7.22653002544033,-671.081701603541
31.8640106959072,49.6944468669157,-41.9923909699159,7.44506334027418,-670.880140844468
29.4676732452349,50.5761331484225,-72.17487454822,8.65490840379367,-671.842258833698
34.2514520028332,45.0171823003785,-53.506178032954,8.06347570501953,-671.501250903407
32.7060623047132,46.0344464519026,-62.4723570242924,7.74170630489113,-669.740227492444
33.843514915645,44.1066973209201,-43.6528953146795,7.37968436164382,-672.453256060272
30.1883309287144,51.784165921122,-62.1294418311127,7.80148099748476,-668.767355496249
33.1017432548317,47.0699834933113,-6.24657166047939,8.57386940989064,-673.711297775808
33.843514915645,44.1066973209201,-43.6528953146795,7.37968436164382,-672.453256060272
32.4124262371301,46.9506457443893,-55.0338779737675,7.96652308136548,-668.820748730754
30.9088196347851,51.1247647522273,-75.6209075643576,8.15618617326616,-668.588787400758
31.9980808777744,48.0224091207567,-36.8948793159571,8.29193141964899,-669.44702252415
31.2547382726083,48.9060828747139,-44.5803562624532,7.79146765084579,-668.563105457782
31.0232578086187,48.6640608440807,-23.5267100011405,7.54314624355043,-670.411561481183
30.8583180548968,50.7299318278539,-58.0903777616706,7.89311261472124,-668.507494710383
31.4906823689334,49.6811783287646,-74.2286941015254,7.73060122607634,-668.106205422457
32.2669586590687,48.1222633252687,-33.7681820200641,8.70466539437753,-671.227851095401
30.6718796992365,49.4564134702908,8.9800473829072,9.2079637384944,-676.824930163033
30.954223653994,50.5095753141556,-71.713173438492,7.87379027920924,-668.031825246795
32.1584024448064,48.1844640444766,-34.3173944761378,7.32802874549878,-670.581559706738
32.3764558843366,47.338423743233,-38.194981861562,8.26398357868562,-669.468143524885
31.0450788083319,49.1620746875859,-6.74005379082262,7.87017993145803,-671.702315868875
31.3794327248082,49.585458584935,-56.9573870627554,8.20247159797461,-668.581784611583
32.5718782457884,45.9834126207602,-58.5523316831638,8.24372172818615,-670.029943467497
31.8745860436468,51.2510976798972,-19.6186130777022,8.15549261505713,-676.873885335432
31.1040974437352,50.6745889917621,-54.1824522781357,7.59870152457143,-669.244697743766
33.1012885915745,45.4868605642313,-38.2434874101117,7.77651884415899,-669.984125648722
32.3791432801773,47.8293899903531,-17.6228955695444,8.039254255371,-670.879491578866
30.9842083742197,50.7243958103405,-51.9009513024613,8.36910706592983,-669.628144982512
32.665948581825,46.7909143163002,-22.5754808322111,8.42099661455921,-670.780780085998
31.184640580545,49.0269705343914,-26.1647328070614,7.89794195741218,-669.68010271988
31.9410328205904,48.63609124163,-56.1789026290441,8.39586138091795,-669.158141425867
29.413962834139,52.7198751375407,-62.1191625684245,8.60144537242722,-670.744741590005
29.0530677081781,50.8485354876648,-34.2772790731994,7.49993700560114,-673.211944798529
31.6009222525846,48.0203883590421,-25.2452656917642,8.4300128762072,-670.31421583671
31.3635546702295,47.0248625204393,-52.6503172114897,7.75249553177338,-670.441267047967
29.7304506668352,50.2770058071061,-34.1628213292029,8.8847309425187,-672.870424928962
31.0015370129663,49.3062154480556,-32.3494096031367,7.16661470607151,-671.256492529903
31.947469137767,48.7932453007707,-71.6123425122208,8.06407888924395,-668.361170203623
30.1597254317961,51.2266286770048,-55.5112949105946,8.64059101915701,-670.281812070863
31.7540142221643,48.2569089548443,-61.4169623413551,7.85515629793867,-668.219933081224
31.4212888135454,48.1127443177205,-79.1538858893978,7.72118565398363,-669.226879535135
32.6962040957807,47.0319910267313,-40.5972568802298,7.75835260291003,-669.315469322019
32.8661713844942,47.5010090010475,-59.9760858265397,7.57771929154821,-669.547868525695
32.3598812686512,46.5487077615601,-10.3150396175968,7.81749103479117,-670.850647693241
31.6123423561362,49.612859751205,-50.5906218591532,7.3432259882632,-669.833927805464
31.813381149572,47.3243958905898,-29.2803441946447,8.28200153529177,-669.839198526117
29.9644057222641,51.8426158219096,-51.3374685585107,7.97817291175691,-669.357278675078
30.8656495056621,47.8158577401653,-39.0274939522233,7.86045727209282,-670.373650267669
30.8824001323251,50.1071386900843,-56.1057949807552,7.55078396422043,-668.565922401476
30.2769434802772,51.3862133737075,-27.8806312004781,8.95342506668389,-673.431547273374
31.9153223705236,47.8699752910904,-13.744121362327,8.10116025215218,-670.653324666278
32.2437905949169,45.8295281160377,-46.1005978642987,7.98582968584616,-670.263856627613
32.2886787148877,47.4745539341539,-85.5064855094496,8.42598910812381,-670.018839593937
31.5839969942233,48.7747771175726,-31.9034157371364,7.99011060153742,-669.325652138948
31.0450788083319,49.1620746875859,-6.74005379082262,7.87017993145803,-671.702315868875
30.2334851045474,52.0219200321902,-57.07035663764,7.82502750461278,-669.310772933189
32.4569264477473,45.959426588248,-3.52874250087757,8.28115194974868,-671.694545841461
32.3791432801773,47.8293899903531,-17.6228955695444,8.039254255371,-670.879491578866
32.40834798836,46.0810280018941,-43.2238569823724,7.96775958312041,-669.620777715278
32.2541534476651,46.6081265391554,-45.462013744095,7.82692753189079,-669.189937485588
31.0232578086187,48.6640608440807,-23.5267100011405,7.54314624355043,-670.411561481183
30.8563706202859,49.592778321706,-26.0515250128103,8.05206105560003,-669.945703481955
32.5137162997753,46.804826108623,-58.1820026523458,7.99480552227814,-668.933997359041
34.4665136744931,43.9613877246474,-19.0242997232165,8.18124508176014,-672.750921017598
33.0358725777749,45.6576861707234,-27.2207344640093,7.38898503413951,-671.171625734576
31.6009222525846,48.0203883590421,-25.2452656917642,8.4300128762072,-670.31421583671
30.2133943643951,52.4093851470996,-59.5491203437344,7.5565308520347,-670.065353861598
33.1465140145852,46.3212302718458,-32.3215725160233,7.89950497788067,-670.081318842708
32.6433302133609,46.8759761035521,-71.1509495269479,8.85406238961809,-671.451701488244
32.3031905378958,50.0636449399593,-31.3549945685611,8.46766661706291,-674.035948392074
32.8661713844942,47.5010090010475,-59.9760858265397,7.57771929154821,-669.547868525695
32.9640574659674,47.2329725740545,-48.5196280888065,8.66540882404839,-671.033787609276
32.5152196784381,48.4501497817522,-27.8161023436086,7.25096306333455,-672.993887009712
32.1863297397141,47.2824896793408,-55.3202964826249,7.77274237582695,-668.66303848774
32.2638230660126,45.4129032841977,-50.0578804400253,7.76408355591643,-671.270850823426
31.292279377432,49.7009722703597,-15.5181598375916,8.44743303032507,-672.010111070042
31.729305126134,47.403367882023,-57.5542223154763,7.86247778005862,-668.935523463199
31.7507012200819,47.6823609700506,-37.7417769948088,8.15926954898474,-669.155888077078
31.3906799492315,48.1357899817378,-58.3972928751732,7.33392008941485,-669.624520140366
32.2080981858912,49.0354172123714,-36.8972075140993,7.93904102169993,-670.372363364379
29.3827686269982,53.1481198887432,-80.3268154739133,8.44774686050223,-669.937728954582
32.2872754708036,47.9296334293225,-71.3687883309415,7.47521768271632,-669.020417350251
32.1181546656721,48.5611659853683,-58.2475518196237,8.17844665723876,-668.78259899985
33.1990970632236,46.6347327848363,-30.0001499251365,7.51657625787585,-671.160992532249
30.8656495056621,47.8158577401653,-39.0274939522233,7.86045727209282,-670.373650267669
31.9833977735585,47.641367714953,-41.7934407026328,8.22169082988664,-669.08645955706
32.7162773075418,47.031814007801,-31.3215973494852,8.44099661765285,-670.491955667138
31.7229274198427,49.2225208695775,-21.2410271833795,7.33894084154868,-672.289199166799
32.8214533885703,46.1951258264007,-41.2592794814335,7.95432548104608,-669.404472456567
31.6324520751752,48.4697365187372,-51.1301312616436,8.09100859360326,-668.47140426184
31.1040974437352,50.6745889917621,-54.1824522781357,7.59870152457143,-669.244697743766
34.5215355930186,44.6576356724881,-32.8282359239124,7.56492424872245,-673.311292064348
31.3879079171776,49.5452723250196,-56.3770728915066,7.89079423865045,-668.247593661471
31.6055141585871,48.7530829306903,-30.0083219124797,8.00360306522655,-669.4751090923
32.3784757269822,46.7567857346925,-29.0789687853097,7.41423030768508,-670.36309276337
32.0813719531107,47.5769445288134,-62.9755811734875,8.4697341219766,-669.496745035533
33.553680852052,45.1435452426728,-32.9099882270796,8.52530017428811,-671.402834043338
31.4796140614401,47.7427439660607,-27.569302899721,8.12936539522685,-669.722451249444
30.4390173205482,52.4124055372283,-51.0867182677223,8.41260174402628,-671.295983718601
33.2143107976772,45.379625856279,-31.0132168440965,8.49032560366049,-671.029816652925
30.6316567824612,50.3856431626204,-58.049980171229,8.02149357973363,-668.353550249425
31.3995964874851,48.6891454614346,-24.4401439242839,8.13948451649595,-669.878528443297
30.9995269867899,49.7803286346983,-48.2473093802606,7.80394564160006,-668.507600386845
33.0121921550168,44.8336794253011,-13.3683069620732,8.20589901376239,-671.410907732607
33.843514915645,44.1066973209201,-43.6528953146795,7.37968436164382,-672.453256060272
32.3315473166062,48.3297283613699,-49.5856555796304,8.13478012859925,-669.178959357902
31.1176269172292,48.8307259736971,-52.3584946246922,8.1946924550261,-668.751825995616
32.4204469270262,47.699723380856,-69.8381972410431,7.5873061525812,-668.88051935191
30.5676777675776,50.8882348188749,-40.6294395784283,7.75773565427158,-669.575578608896
32.0626876761507,49.1942989832994,-19.7011946524877,8.10284485773398,-671.958146766651
31.7358004035978,47.8707303477593,12.6159864022703,8.31742305999168,-673.737274557091
32.3784757269822,46.7567857346925,-29.0789687853097,7.41423030768508,-670.36309276337
33.8255795677154,45.6320149148752,-40.2336567173093,8.06844199311376,-670.916161230553
31.3906799492315,48.1357899817378,-58.3972928751732,7.33392008941485,-669.624520140366
30.9807581437012,48.6282080488299,-38.5333912348131,7.65522054371672,-669.330746936733
31.58322073808,48.810828442576,-52.3206559169204,7.93973372104391,-668.288281368488
32.8357141537504,45.606734965043,-53.1627363417902,7.27348953300212,-671.361526916651
29.0676634913018,52.6869735407999,-63.0039580414519,8.27602936698432,-670.165312441612
32.3174621102277,46.3435814726099,-17.9054715284072,7.60703181722262,-670.656688878517
30.9734349540106,49.7182461993159,-50.3285797851716,7.80350079728727,-668.399712172922
29.9822516339571,51.2357827093143,-72.7348699119632,8.45858515640966,-669.429637506494
29.7603957876501,52.9897607679092,-64.7815216227047,8.26607926453463,-669.96744641923
31.8847948151324,49.8131182923211,-54.8151133428549,9.09038315862569,-672.863408301409
29.9644057222641,51.8426158219096,-51.3374685585107,7.97817291175691,-669.357278675078
32.321528230022,45.5485458943338,-2.03177959478299,7.90607006253082,-671.937934047618
33.0811501365696,46.9644573894571,-46.3813113621514,7.62565362460896,-669.963301413898
31.1451930915809,50.7113773698597,-59.1781467127232,7.50619969884204,-669.28675604887
31.7619803265887,48.3664048443118,-33.9016581696723,7.77372699093554,-669.150416006174
31.1532825984118,52.483411401718,-52.5625990770132,9.03615858956081,-675.522617283899
30.9723404319513,47.7469941865356,-19.2777014057915,7.98381956001494,-670.895719713173
30.7757067584682,51.475516148398,-93.5406809534157,7.91698841190771,-668.422918657869
31.3085449447711,48.6306430309512,-18.8858599561888,9.53272624542063,-675.896765250898
30.8384103965954,49.9072223828546,-34.4885291737195,8.1962664357228,-669.614307936749
32.5902124387541,45.9931715634575,-33.0650863517664,7.43887381410368,-670.506379100135
32.2810772793957,50.0727342917054,-43.376747044466,8.07838678171457,-672.297931561009
30.9721055736362,50.9554952586236,-51.2384452796905,8.09907300548635,-669.416623352397
32.1332703067628,46.2904329411911,-7.29337570826879,7.98953713781909,-671.150283410867
32.568783686752,45.7920876019306,-40.1207525290901,8.32298570130096,-670.26221177033
29.4458306204173,51.3509592190191,-55.5580700957302,8.51625300587439,-670.698655614717
33.1341039878234,46.7610688931046,-25.923644796268,7.44355857798372,-671.67621048044
31.6671685733907,46.7325001874514,14.840578477043,8.42019288636945,-673.844882221208
30.7558504531964,50.6973551270498,-90.7141266974894,8.01035144939704,-668.235103582156
31.4644744485193,46.8239073247262,-14.3834946483309,7.86136977874859,-671.193947364437
32.6350246860729,48.0117902194793,-44.0017131188107,8.31894922416886,-670.107122302638
30.2749816322514,50.3708721876024,-38.2276601796352,7.40320689322844,-670.32505134001
30.895707594561,50.2454368844104,8.83271842269359,7.7459579889088,-675.620524940198
33.7511444870851,45.6517201722703,-20.142241489885,8.40637311868379,-672.240068056521
30.2948794975672,50.1262960234976,2.06902893919319,8.36955957891772,-673.696478985483
29.2985977028826,53.0969078496693,-73.4176861053704,7.25512539620066,-670.758123448393
32.4389612623257,47.49834365322,-36.1122394900348,7.25707882661118,-670.761669702868
31.1544427041755,48.7329296911679,6.02645565228323,8.39541547831574,-673.318716215494
30.4396475085715,49.9475902713776,-31.6544893582542,7.58886931992641,-670.095203989469
32.7162773075418,47.031814007801,-31.3215973494852,8.44099661765285,-670.491955667138
31.2216248484858,50.4540459537597,-43.1317832054646,7.606902458068,-669.960177297341
31.3794327248082,49.585458584935,-56.9573870627554,8.20247159797461,-668.581784611583
29.4392361172167,51.4246253891285,-11.4213820455288,8.20788461667655,-673.163372193804
34.4738780178393,45.1117921900625,-49.361801578986,8.13897127437865,-672.300072271554
29.4381209269357,50.6484740922232,-65.1520820227898,9.33054482697545,-674.880241614728
32.8998275877019,47.2560724798361,-18.1040611264263,7.9889686348652,-671.381155308682
33.8162444547441,45.1511209257441,-49.8894001433778,8.47058051886551,-671.314576564695
32.8214533885703,46.1951258264007,-41.2592794814335,7.95432548104608,-669.404472456567
31.4892429763078,46.5379462652917,-6.38873447490758,7.60930487454067,-672.478428365237
32.2437905949169,45.8295281160377,-46.1005978642987,7.98582968584616,-670.263856627613
32.9554335121092,47.0789977321042,-7.42172265979685,8.27259088275189,-672.578754226661
32.9554335121092,47.0789977321042,-7.42172265979685,8.27259088275189,-672.578754226661
32.401806865261,47.275634476103,-25.3618383097484,8.31465369859155,-670.248977610581
31.1407900149894,47.5450908084544,-13.6155451944611,8.06478567350663,-671.122796569131
30.9403576700215,49.6437185473043,-39.560122705421,7.7881856910853,-668.952561860342
31.7184677959309,49.342817901853,-28.6779895304352,7.59127444652643,-670.736747095406
31.9118963864302,46.7880906592879,-30.031534312381,7.78913104940988,-669.752831080973
32.5167614057033,47.3736062328871,-33.30267263479,7.59392579438665,-669.825774369131
32.4060392663226,45.9200790077171,-17.1565713030722,9.17754939180288,-674.13529937294
31.5573202391815,47.5696622794609,-36.741076769289,7.60698123736,-669.497662112983
30.3124147832,50.2579433950699,-54.3767273776227,7.86836564712375,-668.681232313068
30.6556806642725,52.2716776974415,-80.6537763263126,7.6819038193085,-669.354674465842
33.5959666893407,46.8109787579861,-55.9557693480579,8.28830521534904,-671.006944019792
32.9172097488211,46.7763336444714,-34.1651117318578,8.08901966463017,-669.871386465681
30.2749816322514,50.3708721876024,-38.2276601796352,7.40320689322844,-670.32505134001
31.6207068076717,48.1523471384032,-38.5764415209363,7.90840448365163,-668.807706771476
30.1593966080727,49.3780231918203,-3.75105449933514,8.90030421838113,-674.56770667267
31.6247478152354,47.1609644743097,-29.7844946093662,8.24064854398406,-670.041241231608
33.0121921550168,44.8336794253011,-13.3683069620732,8.20589901376239,-671.410907732607
30.0488813971906,52.0900565711623,-77.4377882658969,7.81376140613396,-668.452756747643
31.3988043193683,49.0693604832254,-38.7525350107138,7.95297996191467,-668.888094943197
31.6324520751752,48.4697365187372,-51.1301312616436,8.09100859360326,-668.47140426184
29.7739080297765,52.1992890272664,-68.4230886508657,8.0462158689891,-668.853892052575
29.9236720556042,49.8066099365816,-40.8296601533682,8.569067249339,-671.367159720036
30.2754881198533,49.2285815826961,-43.0275898599339,7.72789935027114,-670.051738831594
32.2103140764417,46.3299960468587,-44.8930671029083,8.37084751761473,-670.130705094372
32.6962040957807,47.0319910267313,-40.5972568802298,7.75835260291003,-669.315469322019
33.9520755047193,41.6155017069385,5.50082063111241,8.99079372122491,-677.435051397961
33.8973929365075,44.3237521337363,-37.552875745326,7.93504020909815,-671.085535552317
30.2861788195031,51.2340224450045,-57.8717280749609,8.19949488504942,-668.915078664715
33.0667764945344,45.5634491828629,-40.7930429883784,8.3173127450585,-670.256619319108
31.1150762335955,50.1327836395082,-42.0426918512228,8.45299566303503,-670.023124985563
31.1015272893848,48.0747180590962,-16.3755672918764,7.73406185218343,-670.734614473777
31.2561324218954,49.2106185787422,-41.5721839466878,8.08318105381111,-668.836740078021
33.2902729328999,46.9535429834676,-28.6837174578047,8.43995016956018,-671.81780036207
31.7184677959309,49.342817901853,-28.6779895304352,7.59127444652643,-670.736747095406
33.0811501365696,46.9644573894571,-46.3813113621514,7.62565362460896,-669.963301413898
30.9170392840205,49.8523849945679,-58.5833540308057,7.57814124203979,-668.38795342221
30.8824001323251,50.1071386900843,-56.1057949807552,7.55078396422043,-668.565922401476
32.0626876761507,49.1942989832994,-19.7011946524877,8.10284485773398,-671.958146766651
32.2810772793957,50.0727342917054,-43.376747044466,8.07838678171457,-672.297931561009
33.0667764945344,45.5634491828629,-40.7930429883784,8.3173127450585,-670.256619319108
30.5061934582832,50.5834223661994,-91.7828373331763,7.96137051198348,-668.462842849066
31.3995964874851,48.6891454614346,-24.4401439242839,8.13948451649595,-669.878528443297
32.2437905949169,45.8295281160377,-46.1005978642987,7.98582968584616,-670.263856627613
31.5839969942233,48.7747771175726,-31.9034157371364,7.99011060153742,-669.325652138948
30.5757537093673,50.0223696473301,-40.4228627919913,8.22877542369988,-669.389815185612
31.8755094365441,48.1697868895184,-59.478680264911,7.97599421291686,-668.29032163107
31.920003683744,47.6109643699996,-22.0698562635082,7.57390642841435,-670.198570057033
31.0680675636836,50.0367166763203,-56.4169293765185,7.69730716178425,-668.354013342889
31.8406257477205,47.156339288973,-49.2033527747976,7.16965319179374,-670.909897937775
31.732753677105,49.7352774490302,-80.2195085140865,7.71583026541414,-668.449398031329
30.9065602857458,49.8306018654243,-29.5103931458376,7.93554109318421,-669.740438006244
32.8357141537504,45.606734965043,-53.1627363417902,7.27348953300212,-671.361526916651
30.660739625801,51.193229141745,-47.4413248607508,8.09812614748477,-669.520851420616
32.5902124387541,45.9931715634575,-33.0650863517664,7.43887381410368,-670.506379100135
30.8107714501392,49.6564139323935,-62.0406821235792,7.66343420391282,-668.307702435985
29.5129743038023,52.1341474741382,-41.6795232997817,8.03882815210071,-670.395404017214
32.3315473166062,48.3297283613699,-49.5856555796304,8.13478012859925,-669.178959357902
30.3502488645117,50.0327221236225,-36.321159667386,8.22987386007977,-669.807024591665
31.3406794899155,48.8899608165905,-61.4540102049845,7.85974794352506,-668.114784813293
30.2754881198533,49.2285815826961,-43.0275898599339,7.72789935027114,-670.051738831594
28.8424366297283,50.9233057371801,-48.2320646344453,8.17478410504336,-672.612176377151
31.6245949109951,49.7377316151118,-27.8232031280397,7.91653576208648,-670.817554198471
31.4426485387449,49.2998227208572,-60.8738313270551,8.36098693060338,-668.803955449367
29.3263790647314,49.1010361138075,-34.1642144157395,8.68177602757087,-675.149819206568
32.8661713844942,47.5010090010475,-59.9760858265397,7.57771929154821,-669.547868525695
31.6533503342184,46.8703927977492,-12.1925720230163,7.33198365169067,-672.316772664635
33.0983562909696,44.058074067964,-31.6535655039452,7.54410492463676,-672.486002251342
33.2232138162882,45.9875847318352,-19.6492764839441,7.79409394820954,-670.926886125795
31.9118963864302,46.7880906592879,-30.031534312381,7.78913104940988,-669.752831080973
29.3827686269982,53.1481198887432,-80.3268154739133,8.44774686050223,-669.937728954582
32.5269492553687,46.5098948683397,3.62120541332302,7.77586443053993,-672.446312228789
32.14500609967,47.4238797466806,-28.0942759696916,7.67384380826641,-669.636799549036
32.0948073838933,46.0945325633202,-56.8623128433683,7.0136548711908,-673.560806669932
31.2547382726083,48.9060828747139,-44.5803562624532,7.79146765084579,-668.563105457782
32.4034929498351,47.1004443944563,-33.1512770053156,7.98530491136989,-669.325767777098
31.8676190873331,46.7812802473114,-39.5221891457755,7.790842481671,-669.568731128389
31.7672209260305,49.0642793067292,-44.0434894938775,7.91393189450842,-668.926643575026
31.8346858387183,47.4055294070131,-26.6108671387843,7.73567425339557,-669.631112938694
32.4014341626974,45.4590783922447,1.73155836094241,8.27921809801868,-672.379858307404
29.5129743038023,52.1341474741382,-41.6795232997817,8.03882815210071,-670.395404017214
32.5902124387541,45.9931715634575,-33.0650863517664,7.43887381410368,-670.506379100135
31.2570844790302,46.4468033673394,-1.56789438660776,8.33497329568364,-673.233069158382
30.8934098480488,49.2151174322226,-4.53948234899341,8.02104096635624,-671.921860932939
29.8799167247927,51.6702016316652,-13.730112830253,8.10013742457075,-672.865825006268
31.3995964874851,48.6891454614346,-24.4401439242839,8.13948451649595,-669.878528443297
33.8973929365075,44.3237521337363,-37.552875745326,7.93504020909815,-671.085535552317
32.9824598899114,46.1442851330477,-84.6238878474681,7.97217475028237,-670.445538852954
30.4847141772805,51.9340482726076,-65.725372082334,7.91749566370948,-669.004774684048
29.6096062344565,51.3608090568291,-71.3490189531896,7.74002411081583,-669.162744089385
31.2102418379545,49.1447524868053,-54.1583416559165,8.23919121956769,-668.633595990344
31.0232578086187,48.6640608440807,-23.5267100011405,7.54314624355043,-670.411561481183
31.927342177235,46.9138912663939,-46.5269438875285,7.77083525604654,-669.253542880569
32.6203145919008,44.5960474853756,-34.1045899690471,8.57226723105527,-672.587897704135
33.5959666893407,46.8109787579861,-55.9557693480579,8.28830521534904,-671.006944019792
31.7184677959309,49.342817901853,-28.6779895304352,7.59127444652643,-670.736747095406
32.6433302133609,46.8759761035521,-71.1509495269479,8.85406238961809,-671.451701488244
33.843514915645,44.1066973209201,-43.6528953146795,7.37968436164382,-672.453256060272
30.8348562374146,48.5767892385146,-33.5980200334945,7.64570720294604,-669.870349614466
29.4458306204173,51.3509592190191,-55.5580700957302,8.51625300587439,-670.698655614717
31.9615698456231,48.8115671602408,-48.2220148017932,8.11880172188408,-668.962646407241
32.4317952210193,47.7065173331477,-64.8135214964704,7.60208439300123,-668.821184595681
30.3110196082631,50.0679391678323,-49.2787139512069,7.32217590066315,-670.039369471901
33.2902729328999,46.9535429834676,-28.6837174578047,8.43995016956018,-671.81780036207
33.1465140145852,46.3212302718458,-32.3215725160233,7.89950497788067,-670.081318842708
29.2384806565151,51.1054981972449,-47.7138353076421,8.14698573864144,-670.872170459022
31.3906799492315,48.1357899817378,-58.3972928751732,7.33392008941485,-669.624520140366
32.1411949818711,46.6151569131296,-32.9769850179993,7.85845937844305,-669.523487664105
34.5215355930186,44.6576356724881,-32.8282359239124,7.56492424872245,-673.311292064348
31.6255654798099,49.4035026160647,-87.7420137215786,7.57969119966239,-668.565954470395
33.0983562909696,44.058074067964,-31.6535655039452,7.54410492463676,-672.486002251342
33.1341039878234,46.7610688931046,-25.923644796268,7.44355857798372,-671.67621048044
31.1402459272822,50.1620770800576,-62.485146021714,8.30684915492016,-668.757868102632
32.2103140764417,46.3299960468587,-44.8930671029083,8.37084751761473,-670.130705094372
32.3174621102277,46.3435814726099,-17.9054715284072,7.60703181722262,-670.656688878517
30.8656495056621,47.8158577401653,-39.0274939522233,7.86045727209282,-670.373650267669
30.2754881198533,49.2285815826961,-43.0275898599339,7.72789935027114,-670.051738831594
30.77592171248,49.4768437234774,-58.5750869178307,8.15345734533252,-668.609262368811
32.7426462381732,47.4746372185486,-49.3454423589668,8.60716454496,-670.545546067504
32.8061987097305,46.3076717992855,-53.4507611098742,8.55344476760039,-670.376196266801
32.2267599350376,49.4618537599578,-95.1784654606708,7.55167812878909,-669.784257153925
31.6911076894984,46.84557916637,-38.4799524572221,7.87721472766274,-669.778515519288
30.3260956025825,51.3083088877983,-23.3658727874813,7.79915346960979,-671.602018684377
31.9496579941556,47.8583564538263,-40.8488994785824,8.16388056683283,-668.986314428925
29.7304506668352,50.2770058071061,-34.1628213292029,8.8847309425187,-672.870424928962
31.4022807536912,48.5977646373975,-52.0158834008542,7.86413592663633,-668.32565615134
31.3794327248082,49.585458584935,-56.9573870627554,8.20247159797461,-668.581784611583
32.4034929498351,47.1004443944563,-33.1512770053156,7.98530491136989,-669.325767777098
30.5561785398591,50.8095127361043,-36.500220384528,8.13783311940444,-669.896588128391
30.2983536811998,50.9180588932812,-78.8715888557013,8.18446934117696,-668.515174828922
31.9095740466615,49.2383877152914,-84.2306898561576,7.82210801475057,-668.446491456094
33.0983562909696,44.058074067964,-31.6535655039452,7.54410492463676,-672.486002251342
29.9943321470581,51.5298840278483,-71.4970675165188,7.99156402018567,-668.462280322053
32.3831366429489,49.606046782324,-91.0487335897405,8.68682553420948,-671.368002155561
33.8162444547441,45.1511209257441,-49.8894001433778,8.47058051886551,-671.314576564695
31.2102418379545,49.1447524868053,-54.1583416559165,8.23919121956769,-668.633595990344
31.6911076894984,46.84557916637,-38.4799524572221,7.87721472766274,-669.778515519288
31.5247851200496,48.3651551315385,-42.5430726969874,8.38958678306675,-669.367323276742
31.0481823631432,47.6394410800006,7.50655836803664,7.74626008809921,-673.409615158956
32.8661713844942,47.5010090010475,-59.9760858265397,7.57771929154821,-669.547868525695
29.4515733797912,51.6883136684162,-55.7430042488218,8.05784031524281,-669.617642733552
33.553680852052,45.1435452426728,-32.9099882270796,8.52530017428811,-671.402834043338
29.9644057222641,51.8426158219096,-51.3374685585107,7.97817291175691,-669.357278675078
31.6123423561362,49.612859751205,-50.5906218591532,7.3432259882632,-669.833927805464
32.2437905949169,45.8295281160377,-46.1005978642987,7.98582968584616,-670.263856627613
29.712445795115,51.948063364848,-82.4917437983254,8.1925072707663,-668.918765967863
32.1452816664124,48.8147167643436,-39.9517880780694,7.60842345142286,-669.959534133927
30.3289977933718,48.7064546470302,-43.0422580287319,8.28918234315451,-670.846310471343
31.9672843494471,48.141724502063,-40.5615540613926,8.2936302071939,-669.291635260624
31.0015370129663,49.3062154480556,-32.3494096031367,7.16661470607151,-671.256492529903
31.7215716407466,48.8966604334204,-54.9268147596714,8.50945222439607,-669.439946524893
30.633313841928,49.2783254607806,-57.0674653851791,8.52492479864018,-669.901334975196
29.2919657439627,50.9090974608894,-41.8705499761606,8.0084860629544,-671.035113965299
31.4702615544353,49.6318072077987,-51.3640768914225,8.67164195948775,-670.278559900071
31.7001858062905,48.6427678769089,-46.3335152457788,7.63951111176522,-668.675886647503
32.3784757269822,46.7567857346925,-29.0789687853097,7.41423030768508,-670.36309276337
31.7008361419588,48.0878608775866,-46.0567024380742,8.86818465404485,-671.06330101119
29.2985977028826,53.0969078496693,-73.4176861053704,7.25512539620066,-670.758123448393
31.7833208370765,46.0192430238837,-41.8812362846977,8.22989690566172,-671.200909698758
32.011836594326,48.7847998429536,-44.1574342191409,7.7354267874677,-669.149893719981
34.7841132352463,41.4492516138533,-11.3366840547547,8.57066070002522,-675.303233764053
31.1898701815207,49.3513801388884,-48.7199212466622,8.4248262979007,-669.263524085418
32.3018809247756,47.7981310458705,-29.9651398514756,7.90385430558117,-669.653921252084
29.1638893191148,50.0155323937702,-47.4349166332299,7.83356600510291,-672.969352342127
32.4403249014339,45.628694178561,-11.3915030116123,8.03592632441704,-671.094010139097
32.0626876761507,49.1942989832994,-19.7011946524877,8.10284485773398,-671.958146766651
30.5740133525142,48.5763959168702,-51.6329365110465,9.11313710920499,-673.29649761697
30.6198067705069,47.2296555985595,-53.1752950052213,7.70135478377972,-673.185271849724
32.6797924432093,46.1036222875404,-24.2542943877866,8.69640906791472,-671.543300077977
32.0609023746557,47.9379864034542,-18.5580954361999,8.13546737866812,-670.446362333458
31.7619803265887,48.3664048443118,-33.9016581696723,7.77372699093554,-669.150416006174
33.0445049937664,47.6439614196922,-69.4772408530081,8.04241465817477,-669.691677557293
30.6805774697996,47.9624632663803,-50.9848889652674,8.2464197665013,-670.90003986404
29.8171797362783,50.0015038248211,-51.6520367496412,7.96538396514917,-670.124371631625
33.0445049937664,47.6439614196922,-69.4772408530081,8.04241465817477,-669.691677557293
30.6543060407206,49.3782501147161,-60.0141912943421,7.73086441671046,-668.682518731149
31.8393325327736,47.6760988441228,-50.2989737738757,7.33630539712541,-669.566902641625
30.3731323568595,52.0659378607846,-47.8547204814725,7.68655683201925,-670.437904943416
32.7426462381732,47.4746372185486,-49.3454423589668,8.60716454496,-670.545546067504
31.2773450859929,46.9390839283574,-25.2918694956334,8.21592987371483,-671.117937815819
33.8325235676097,44.5618512609994,-9.71415904232623,8.19520380764836,-672.208121986001
30.7468315712028,49.5196621992186,-21.116352504842,7.92116687105101,-670.332205682472
31.188175756291,48.9497697116532,-49.6454850613957,8.46512960263237,-669.383512154331
32.8061987097305,46.3076717992855,-53.4507611098742,8.55344476760039,-670.376196266801
31.698427577517,47.351722341951,-45.7099296597827,7.89569069055279,-669.040262314629
29.0981206924979,52.7780586281178,-61.8566795840586,7.96584210298969,-669.816882973259
31.8978939270752,46.5263400616508,-31.4769116062976,8.40114089900081,-670.580461362133
32.2669586590687,48.1222633252687,-33.7681820200641,8.70466539437753,-671.227851095401
31.3856036233849,47.772073758178,-50.6480552817826,8.42205422221937,-669.812593328611
31.3451390957855,49.9067210825655,-42.4011259152949,6.9714260510431,-672.470526873305
30.3496710169649,50.1622509099527,-36.8565789469276,8.16072295716149,-669.654242307131
31.2561324218954,49.2106185787422,-41.5721839466878,8.08318105381111,-668.836740078021
29.8783260118255,52.8778929765184,-59.4642873170838,7.48735212476887,-670.559592270218
29.8783260118255,52.8778929765184,-59.4642873170838,7.48735212476887,-670.559592270218
32.2267599350376,49.4618537599578,-95.1784654606708,7.55167812878909,-669.784257153925
31.7338008466957,47.5005249875648,-31.0626954428303,7.57475619924326,-669.671986875096
32.7013918716051,47.01895824158,-56.7380320431424,7.76519878905247,-668.937608770864
31.188175756291,48.9497697116532,-49.6454850613957,8.46512960263237,-669.383512154331
32.1483343659394,47.5412649019479,-37.4361491447769,7.45346551389251,-669.610787478308
34.2384298163559,45.4451690538063,2.427714590634,7.88490150799018,-675.743904552502
31.0614166980695,49.7081035757431,-48.9464366325003,8.14823813075628,-668.682361512039
31.7393414928947,49.2520965121586,-60.5679660050598,7.61764009284674,-668.512780388138
32.3495622660744,47.5945529704022,-37.6823305731632,7.67149233540539,-669.299271459951
31.5840616457199,47.7694870221272,-36.5135844010988,8.56100731166654,-670.2660848597
31.8346858387183,47.4055294070131,-26.6108671387843,7.73567425339557,-669.631112938694
32.8897795012416,46.6496111080252,-72.9740960744485,8.34136374328115,-669.920756686083
31.3427043700234,50.895167647914,-56.2969538838077,8.88141933566844,-672.046481656667
32.5902124387541,45.9931715634575,-33.0650863517664,7.43887381410368,-670.506379100135
32.4420076457747,48.6604290900121,-36.8266930243041,7.70255299299517,-670.664342440412
31.9153223705236,47.8699752910904,-13.744121362327,8.10116025215218,-670.653324666278
31.3883489448094,47.7262407523455,-19.6233396058435,7.99508887913265,-670.183812102202
30.9170314107429,48.9195216290774,-65.6224436906386,8.43779621287646,-669.50035059591
30.8583028737573,48.0571818429399,-20.2010881574317,8.36407658337663,-671.223102038912
29.5264100016837,51.3825357389701,-35.9028508629524,7.58998932031155,-671.016821933747
31.3867137275945,47.5830616291921,-13.7339766874378,9.00673411744064,-673.388540785635
31.6647307409037,48.4974818060725,-61.6341091342866,8.59645466663787,-669.624298394926
34.1583725969786,42.453199847199,-32.333175940496,7.79857385198148,-673.627404461538
31.569023686474,47.6853975616714,-15.5855152747617,7.99035587499939,-670.343309944062
31.8847948151324,49.8131182923211,-54.8151133428549,9.09038315862569,-672.863408301409
31.8306730022791,47.9635173057772,-47.2496971809104,8.18400529425894,-668.796030599895
33.2204904857961,45.4226157555346,-14.2498195739349,8.38076534331238,-671.51413721793
33.8973929365075,44.3237521337363,-37.552875745326,7.93504020909815,-671.085535552317
30.090296556192,51.8029625573761,-22.7887468474887,7.29160322887661,-673.875360213657
32.9587716854734,48.2639285003091,-49.2323982921231,7.46694948046047,-671.548370399767
30.2078473401585,51.9959037000237,-82.4125215011913,8.23499220101128,-668.753259232102
30.8348562374146,48.5767892385146,-33.5980200334945,7.64570720294604,-669.870349614466
32.4382082139637,45.6394707181468,-54.8148973783806,8.37780461471093,-670.914466449727
30.7070371296038,50.4428982595772,-69.9675897260487,8.36099915543979,-668.745356762717
30.4847141772805,51.9340482726076,-65.725372082334,7.91749566370948,-669.004774684048
31.2773450859929,46.9390839283574,-25.2918694956334,8.21592987371483,-671.117937815819
33.1147458449126,46.732867124205,-25.4561953999078,7.81266437703246,-670.792577419757
31.0813117402492,48.7738487459864,-40.6960687448391,7.91292705395062,-668.85656900181
31.8978939270752,46.5263400616508,-31.4769116062976,8.40114089900081,-670.580461362133
30.4396475085715,49.9475902713776,-31.6544893582542,7.58886931992641,-670.095203989469
32.4090881899333,45.5728945729248,-63.470690569517,7.61307326261865,-671.351796104463
31.1040974437352,50.6745889917621,-54.1824522781357,7.59870152457143,-669.244697743766
30.7232459599279,48.4233734422733,-9.94724868978447,9.11365273778294,-674.54822615297
30.7793223889198,50.2886767189101,-8.41339807270752,7.71860329530573,-672.737676873295
32.5167614057033,47.3736062328871,-33.30267263479,7.59392579438665,-669.825774369131
31.6123423561362,49.612859751205,-50.5906218591532,7.3432259882632,-669.833927805464
31.3593980336943,48.4074903822702,-67.7901626717192,7.89666671698231,-668.484683268548
30.3502488645117,50.0327221236225,-36.321159667386,8.22987386007977,-669.807024591665
29.2919657439627,50.9090974608894,-41.8705499761606,8.0084860629544,-671.035113965299
30.8348562374146,48.5767892385146,-33.5980200334945,7.64570720294604,-669.870349614466
30.2133943643951,52.4093851470996,-59.5491203437344,7.5565308520347,-670.065353861598
30.660739625801,51.193229141745,-47.4413248607508,8.09812614748477,-669.520851420616
31.6451488794716,48.2366259627595,-55.2866290549973,7.80515713915876,-668.314249522227
31.4892429763078,46.5379462652917,-6.38873447490758,7.60930487454067,-672.478428365237
31.0135183992766,50.4072563984267,-64.8795251742331,8.05301029693293,-668.274304732149
31.6120520786653,47.3555255499869,-16.0749055293031,8.34967246834337,-670.835260758707
30.2754881198533,49.2285815826961,-43.0275898599339,7.72789935027114,-670.051738831594
32.2886787148877,47.4745539341539,-85.5064855094496,8.42598910812381,-670.018839593937
33.8055771444664,43.9409105202577,-16.5097774372647,8.05005698788355,-671.822179874106
31.188175756291,48.9497697116532,-49.6454850613957,8.46512960263237,-669.383512154331
30.7893657823105,48.3275715577196,-44.1465263618672,7.4889776193447,-670.313987796178
33.0195770456388,46.7706954322125,-9.85708517221081,7.41389627402629,-673.119662020357
31.6976870278932,49.3144126603797,-64.6957550852781,7.3972071240121,-668.933986539096
32.1584024448064,48.1844640444766,-34.3173944761378,7.32802874549878,-670.581559706738
32.6644546700046,47.0626065539028,-39.2216774982906,8.31890241053183,-669.771649616466
32.1839161870743,46.8635496614758,-50.2920971525208,7.48264301412945,-669.516245740735
31.7008361419588,48.0878608775866,-46.0567024380742,8.86818465404485,-671.06330101119
33.5539412247482,45.7899760805326,-26.4377972468858,7.58192572794508,-671.459278479092
31.9496579941556,47.8583564538263,-40.8488994785824,8.16388056683283,-668.986314428925
29.2919657439627,50.9090974608894,-41.8705499761606,8.0084860629544,-671.035113965299
33.5539412247482,45.7899760805326,-26.4377972468858,7.58192572794508,-671.459278479092
30.5612836164582,49.9933815426866,-52.7290394158786,7.9757838182987,-668.551556162897
30.3402051010666,50.0457372880502,-49.4989999378184,7.81916274742961,-668.899942257831
30.8563706202859,49.592778321706,-26.0515250128103,8.05206105560003,-669.945703481955
31.777206286328,48.1846280149527,-61.3977102516989,8.04022091964098,-668.345562824178
31.6759621206988,47.4055493146715,-49.5746710080427,8.6636589913442,-670.570882806152
32.8357141537504,45.606734965043,-53.1627363417902,7.27348953300212,-671.361526916651
30.9688794132052,48.1467451362403,-10.2373323835675,8.39697024496934,-671.709127780586
33.6452375114044,44.7105886921418,-41.0751972372375,7.60667742633966,-671.014203495324
35.1302618617319,44.1313611421097,-41.4283711858016,8.2506402758092,-674.142453139412
33.0358725777749,45.6576861707234,-27.2207344640093,7.38898503413951,-671.171625734576
31.4780916425296,51.3721756425181,-51.9305921052974,8.19249291562535,-671.616382992707
32.4968775645592,46.054962506283,-19.5211584663679,8.00570293241722,-670.295904172262
29.8397058311588,50.5314005006789,-8.5923840658431,8.15381708543545,-672.675916268793
32.4420076457747,48.6604290900121,-36.8266930243041,7.70255299299517,-670.664342440412
34.1583725969786,42.453199847199,-32.333175940496,7.79857385198148,-673.627404461538
30.8348562374146,48.5767892385146,-33.5980200334945,7.64570720294604,-669.870349614466
31.2570844790302,46.4468033673394,-1.56789438660776,8.33497329568364,-673.233069158382
31.3370935291175,49.8273858817277,-47.7944387720531,8.47058946607223,-669.737012423705
30.9403576700215,49.6437185473043,-39.560122705421,7.7881856910853,-668.952561860342
32.9824598899114,46.1442851330477,-84.6238878474681,7.97217475028237,-670.445538852954
31.3883489448094,47.7262407523455,-19.6233396058435,7.99508887913265,-670.183812102202
31.0921250413614,50.2456422503364,-42.6387626832739,7.76912740375935,-669.266460522162
28.9128781873404,51.6589990821414,-6.22586566486146,8.67680375312328,-675.477384225224
32.0967087564139,48.6402932019009,-50.2701076901213,7.3100855354907,-669.9302419686
31.813381149572,47.3243958905898,-29.2803441946447,8.28200153529177,-669.839198526117
31.9496579941556,47.8583564538263,-40.8488994785824,8.16388056683283,-668.986314428925
31.7284752141805,46.9961195252177,-31.1479153805143,7.80260714711592,-669.746856613982
29.6096062344565,51.3608090568291,-71.3490189531896,7.74002411081583,-669.162744089385
31.4796140614401,47.7427439660607,-27.569302899721,8.12936539522685,-669.722451249444
32.023389087283,47.5904959134458,-20.6126424857922,7.85426516576685,-669.967209747887
30.9032785132034,50.7569289444191,-58.5841147356892,7.89748187271218,-668.553697355159
31.0701519490212,50.0813789071549,-51.4605436800875,7.94199502515031,-668.529885046246
30.1597254317961,51.2266286770048,-55.5112949105946,8.64059101915701,-670.281812070863
32.3018809247756,47.7981310458705,-29.9651398514756,7.90385430558117,-669.653921252084
31.9980808777744,48.0224091207567,-36.8948793159571,8.29193141964899,-669.44702252415
32.5413251874328,47.9477047047764,-2.33170983085651,8.17772832135819,-673.26632343014
32.1525913287103,48.669808117128,-77.3448294382764,7.71584126532263,-668.549703982952
29.6190369839901,51.7673411375521,-77.6507397638459,7.82010568234926,-668.831376688393
29.9675323483565,51.4536981713413,-33.2209631447198,7.84238119174689,-670.488721062676
31.9290606647101,46.8734450956454,-39.630238169114,7.71380456846731,-669.442534318858
33.0445049937664,47.6439614196922,-69.4772408530081,8.04241465817477,-669.691677557293
32.0072718428459,46.8022035511166,-19.3092700508383,7.39444020892959,-671.133539467374
32.8061987097305,46.3076717992855,-53.4507611098742,8.55344476760039,-670.376196266801
32.4034929498351,47.1004443944563,-33.1512770053156,7.98530491136989,-669.325767777098
29.4515733797912,51.6883136684162,-55.7430042488218,8.05784031524281,-669.617642733552
31.6457944417029,47.7421860382101,-32.5528104769401,7.98535689022614,-669.219187559103
29.8998442365387,49.156459283216,-75.9089605803732,8.06359005669015,-671.938727301648
30.5676777675776,50.8882348188749,-40.6294395784283,7.75773565427158,-669.575578608896
29.9236720556042,49.8066099365816,-40.8296601533682,8.569067249339,-671.367159720036
32.7894247770637,46.083058285222,-57.650513348608,7.95296596552483,-669.441030578567
31.2589662684842,46.851750332543,-11.5507779716326,7.42359440838504,-672.909078315135
32.0014372830847,48.3996247343097,-11.1828100072442,7.52940011492939,-672.179459817598
29.4392361172167,51.4246253891285,-11.4213820455288,8.20788461667655,-673.163372193804
34.1583725969786,42.453199847199,-32.333175940496,7.79857385198148,-673.627404461538
32.3916654530337,47.367544150922,-46.2513465484919,7.66586032090351,-668.943313013478
